task,seed,method,stage10_method_alias,train_row_count,validation_row_count,test_row_count,support_class_count,support_head_test_accuracy,selected_position_scale,selected_cue_scale,selected_distance_scale,train_loss,train_perplexity,train_top1_accuracy,train_mrr,train_mean_target_probability,train_mean_top1_confidence,train_expected_calibration_error,validation_loss,validation_perplexity,validation_top1_accuracy,validation_mrr,validation_mean_target_probability,validation_mean_top1_confidence,validation_expected_calibration_error,test_loss,test_perplexity,test_top1_accuracy,test_mrr,test_mean_target_probability,test_mean_top1_confidence,test_expected_calibration_error
phase_cued_retrieval,307,no_position,no_position,4,2,4,3,0.0,0.0,3.780863,0.253747,0.015549,1.01567,1.0,1.0,0.984574,0.984574,0.015426,4.047578,57.258608,0.0,0.27,0.019079,0.61756,0.61756,4.08337,59.345127,0.0,0.105241,0.022901,0.207621,0.207621
exact_offset_passkey,307,no_position,no_position,4,2,4,3,1.0,0.0,3.780863,0.253747,4.108898,60.87962,0.0,0.063244,0.016511,0.204804,0.204804,4.429184,83.862934,0.0,0.041739,0.011933,0.215335,0.215335,4.106819,60.753159,0.0,0.093229,0.020402,0.237973,0.237973
tiny_text_fact_qa,307,no_position,no_position,4,2,4,3,1.0,0.0,3.780863,0.253747,0.46551,1.592827,1.0,1.0,0.629317,0.629317,0.370683,0.62535,1.8689,1.0,1.0,0.535074,0.535074,0.464926,0.761305,2.141069,1.0,1.0,0.468199,0.468199,0.531801
phase_cued_retrieval,307,sinusoidal,sinusoidal,4,2,4,3,0.0,6.848719,2.605012,-0.109662,0.001444,1.001445,1.0,1.0,0.998557,0.998557,0.001443,4.018241,55.603186,0.5,0.625,0.362438,0.861096,0.636667,5.038745,154.276332,0.0,0.116477,0.007324,0.532289,0.532289
exact_offset_passkey,307,sinusoidal,sinusoidal,4,2,4,3,1.0,6.848719,2.605012,-0.109662,0.228884,1.257196,1.0,1.0,0.795437,0.795437,0.204563,0.266819,1.305804,1.0,1.0,0.765814,0.765814,0.234186,0.88778,2.429729,0.25,0.625,0.414311,0.426207,0.176207
tiny_text_fact_qa,307,sinusoidal,sinusoidal,4,2,4,3,1.0,6.848719,2.605012,-0.109662,0.017537,1.017691,1.0,1.0,0.982617,0.982617,0.017383,0.021935,1.022178,1.0,1.0,0.978303,0.978303,0.021697,0.107286,1.113252,1.0,1.0,0.898285,0.898285,0.101715
phase_cued_retrieval,307,alibi,alibi,4,2,4,3,0.0,0.373142,3.78088,0.626858,0.015562,1.015683,1.0,1.0,0.984561,0.984561,0.015439,4.049552,57.371725,0.0,0.27,0.019062,0.620073,0.620073,4.083848,59.373481,0.0,0.105241,0.022965,0.210706,0.210706
exact_offset_passkey,307,alibi,alibi,4,2,4,3,1.0,0.373142,3.78088,0.626858,4.108906,60.880052,0.0,0.063244,0.016511,0.204805,0.204805,4.431495,84.057005,0.0,0.041739,0.011907,0.217874,0.217874,4.11185,61.059603,0.0,0.093229,0.02027,0.242234,0.242234
tiny_text_fact_qa,307,alibi,alibi,4,2,4,3,1.0,0.373142,3.78088,0.626858,0.465504,1.592816,1.0,1.0,0.629321,0.629321,0.370679,0.625342,1.868885,1.0,1.0,0.535078,0.535078,0.464922,0.761299,2.141055,1.0,1.0,0.468202,0.468202,0.531798
phase_cued_retrieval,307,rope_relative,rope,4,2,4,3,0.0,11.584078,2.662034,0.608718,0.011825,1.011895,1.0,1.0,0.988246,0.988246,0.011754,4.037767,56.699571,0.5,0.625,0.120054,0.612016,0.87321,6.870285,963.223263,0.0,0.032257,0.002181,0.299406,0.299406
exact_offset_passkey,307,rope_relative,rope,4,2,4,3,1.0,11.584078,2.662034,0.608718,1.405008,4.075559,1.0,1.0,0.248237,0.248237,0.751763,1.396137,4.039563,1.0,1.0,0.24766,0.24766,0.75234,1.304088,3.684328,1.0,1.0,0.273914,0.273914,0.726086
tiny_text_fact_qa,307,rope_relative,rope,4,2,4,3,1.0,11.584078,2.662034,0.608718,0.148931,1.160593,1.0,1.0,0.861639,0.861639,0.138361,0.159575,1.173013,1.0,1.0,0.852506,0.852506,0.147494,0.158907,1.172229,1.0,1.0,0.853086,0.853086,0.146914
phase_cued_retrieval,307,phasewrap_bias,phasewrap_bias,4,2,4,3,0.0,-3.073094,4.828843,0.123491,0.001904,1.001906,1.0,1.0,0.998098,0.998098,0.001902,4.667191,106.398474,0.0,0.275,0.0094,0.777245,0.777245,5.494782,243.418452,0.0,0.042884,0.008916,0.504556,0.504556
exact_offset_passkey,307,phasewrap_bias,phasewrap_bias,4,2,4,3,1.0,-3.073094,4.828843,0.123491,3.411529,30.311545,0.0,0.070741,0.034467,0.152912,0.152912,4.077439,58.994197,0.0,0.052139,0.016954,0.200459,0.200459,4.331223,76.03726,0.0,0.079312,0.01926,0.307275,0.307275
tiny_text_fact_qa,307,phasewrap_bias,phasewrap_bias,4,2,4,3,1.0,-3.073094,4.828843,0.123491,0.168494,1.183521,1.0,1.0,0.845481,0.845481,0.154519,0.271432,1.311841,1.0,1.0,0.762287,0.762287,0.237713,0.322655,1.380789,1.0,1.0,0.724709,0.724709,0.275291
phase_cued_retrieval,307,phasewrap_adapter,phasewrap_adapter,4,2,4,3,0.0,-2.438463,4.644675,0.203873,0.003029,1.003034,1.0,1.0,0.996975,0.996975,0.003025,4.284569,72.57127,0.0,0.275,0.014055,0.718857,0.718857,4.837711,126.180249,0.0,0.072627,0.013698,0.431326,0.431326
exact_offset_passkey,307,phasewrap_adapter,phasewrap_adapter,4,2,4,3,1.0,-2.438463,4.644675,0.203873,3.620372,37.351451,0.0,0.065508,0.028156,0.14019,0.14019,4.177949,65.231943,0.0,0.049043,0.015338,0.187944,0.187944,4.472833,87.604518,0.0,0.077863,0.015439,0.317434,0.317434
tiny_text_fact_qa,307,phasewrap_adapter,phasewrap_adapter,4,2,4,3,1.0,-2.438463,4.644675,0.203873,0.222042,1.248623,1.0,1.0,0.801686,0.801686,0.198314,0.335062,1.398028,1.0,1.0,0.715294,0.715294,0.284706,0.412381,1.510409,1.0,1.0,0.662672,0.662672,0.337328
phase_cued_retrieval,311,no_position,no_position,4,2,4,3,0.0,0.0,3.681757,0.210879,0.716355,2.046958,0.75,0.875,0.704934,0.862615,0.240362,3.913738,50.08583,0.0,0.277778,0.021073,0.555525,0.555525,4.445276,85.223424,0.0,0.071254,0.013296,0.218028,0.218028
exact_offset_passkey,311,no_position,no_position,4,2,4,3,1.0,0.0,3.681757,0.210879,3.95645,52.271429,0.0,0.087047,0.020796,0.207653,0.207653,3.365505,28.948098,0.0,0.208333,0.035003,0.274375,0.274375,3.552781,34.910276,0.0,0.189394,0.055723,0.266845,0.266845
tiny_text_fact_qa,311,no_position,no_position,4,2,4,3,1.0,0.0,3.681757,0.210879,0.509013,1.663648,1.0,1.0,0.602213,0.602213,0.397787,0.653025,1.921343,1.0,1.0,0.52091,0.52091,0.47909,0.821282,2.273413,1.0,1.0,0.441328,0.441328,0.558672
phase_cued_retrieval,311,sinusoidal,sinusoidal,4,2,4,3,0.0,6.828968,2.277951,3.866853,0.792902,2.209799,0.75,0.833333,0.692232,0.865674,0.126157,4.650949,104.684317,0.0,0.208333,0.011305,0.654032,0.654032,5.229728,186.742093,0.0,0.118182,0.014236,0.694616,0.694616
exact_offset_passkey,311,sinusoidal,sinusoidal,4,2,4,3,1.0,6.828968,2.277951,3.866853,0.435122,1.545152,1.0,1.0,0.655375,0.655375,0.344625,0.764321,2.147535,0.5,0.75,0.530321,0.664357,0.380244,0.354287,1.425165,1.0,1.0,0.70369,0.70369,0.29631
tiny_text_fact_qa,311,sinusoidal,sinusoidal,4,2,4,3,1.0,6.828968,2.277951,3.866853,0.032889,1.033436,1.0,1.0,0.967714,0.967714,0.032286,0.039636,1.040432,1.0,1.0,0.961211,0.961211,0.038789,0.0372,1.0379,1.0,1.0,0.963493,0.963493,0.036507
phase_cued_retrieval,311,alibi,alibi,4,2,4,3,0.0,0.394582,3.681806,0.605418,0.716382,2.047013,0.75,0.875,0.704913,0.862594,0.240381,3.913427,50.070233,0.0,0.277778,0.021082,0.5555,0.5555,4.439889,84.765568,0.0,0.071254,0.013338,0.216216,0.216216
exact_offset_passkey,311,alibi,alibi,4,2,4,3,1.0,0.394582,3.681806,0.605418,3.956465,52.272218,0.0,0.087047,0.020795,0.207657,0.207657,3.358764,28.753617,0.0,0.208333,0.035202,0.272453,0.272453,3.546225,34.682138,0.0,0.189394,0.055823,0.264072,0.264072
tiny_text_fact_qa,311,alibi,alibi,4,2,4,3,1.0,0.394582,3.681806,0.605418,0.508992,1.663613,1.0,1.0,0.602225,0.602225,0.397775,0.653003,1.921301,1.0,1.0,0.520922,0.520922,0.479078,0.821261,2.273366,1.0,1.0,0.441338,0.441338,0.558662
phase_cued_retrieval,311,rope_relative,rope,4,2,4,3,0.0,11.192001,2.435921,2.987374,0.957248,2.604518,0.75,0.8125,0.688828,0.868912,0.146756,4.517156,91.574775,0.0,0.288462,0.011536,0.567293,0.567293,4.935972,139.2084,0.0,0.059167,0.012989,0.188369,0.188369
exact_offset_passkey,311,rope_relative,rope,4,2,4,3,1.0,11.192001,2.435921,2.987374,1.689229,5.415307,0.75,0.8125,0.19462,0.224292,0.525708,1.436753,4.207015,1.0,1.0,0.244901,0.244901,0.755099,1.391588,4.02123,0.75,0.875,0.250414,0.274424,0.475576
tiny_text_fact_qa,311,rope_relative,rope,4,2,4,3,1.0,11.192001,2.435921,2.987374,0.22868,1.25694,1.0,1.0,0.795681,0.795681,0.204319,0.216503,1.241726,1.0,1.0,0.806049,0.806049,0.193951,0.201004,1.22263,1.0,1.0,0.817933,0.817933,0.182067
phase_cued_retrieval,311,phasewrap_bias,phasewrap_bias,4,2,4,3,0.0,-2.300794,3.910574,-0.345151,0.765535,2.150145,0.75,0.875,0.706989,0.873101,0.239336,4.011844,55.248644,0.0,0.279412,0.01819,0.564439,0.564439,4.171689,64.824846,0.0,0.049769,0.018368,0.256235,0.256235
exact_offset_passkey,311,phasewrap_bias,phasewrap_bias,4,2,4,3,1.0,-2.300794,3.910574,-0.345151,3.522016,33.85262,0.0,0.105317,0.031915,0.165682,0.165682,2.641625,14.035994,0.0,0.375,0.071254,0.336581,0.336581,3.929693,50.89134,0.0,0.188753,0.027808,0.378921,0.378921
tiny_text_fact_qa,311,phasewrap_bias,phasewrap_bias,4,2,4,3,1.0,-2.300794,3.910574,-0.345151,0.34555,1.412766,1.0,1.0,0.709934,0.709934,0.290066,0.468709,1.59793,1.0,1.0,0.625959,0.625959,0.374041,0.682934,1.979678,1.0,1.0,0.506624,0.506624,0.493376
phase_cued_retrieval,311,phasewrap_adapter,phasewrap_adapter,4,2,4,3,0.0,-1.944936,3.891427,-0.428498,0.710163,2.034322,0.75,0.875,0.708812,0.86851,0.238902,3.836705,46.372418,0.0,0.28125,0.021569,0.564163,0.564163,4.061699,58.072917,0.0,0.052141,0.020319,0.244134,0.244134
exact_offset_passkey,311,phasewrap_adapter,phasewrap_adapter,4,2,4,3,1.0,-1.944936,3.891427,-0.428498,3.667355,39.148209,0.0,0.075658,0.027479,0.171378,0.171378,2.702277,14.913647,0.0,0.291667,0.067066,0.311197,0.311197,3.941805,51.511489,0.0,0.208065,0.03157,0.39224,0.39224
tiny_text_fact_qa,311,phasewrap_adapter,phasewrap_adapter,4,2,4,3,1.0,-1.944936,3.891427,-0.428498,0.385561,1.470439,1.0,1.0,0.682397,0.682397,0.317603,0.538858,1.714048,1.0,1.0,0.58411,0.58411,0.41589,0.784851,2.192081,1.0,1.0,0.457968,0.457968,0.542032
phase_cued_retrieval,313,no_position,no_position,4,2,4,3,0.0,0.0,3.534256,0.103387,0.024756,1.025065,1.0,1.0,0.975554,0.975554,0.024446,3.897518,49.279968,0.0,0.291667,0.022036,0.592163,0.592163,4.09641,60.124078,0.0,0.079917,0.019476,0.199868,0.199868
exact_offset_passkey,313,no_position,no_position,4,2,4,3,1.0,0.0,3.534256,0.103387,4.03302,56.431089,0.0,0.060473,0.017788,0.238714,0.238714,2.204349,9.064353,0.5,0.516667,0.474396,0.547641,0.111855,4.850768,127.838508,0.0,0.082518,0.010453,0.354419,0.354419
tiny_text_fact_qa,313,no_position,no_position,4,2,4,3,1.0,0.0,3.534256,0.103387,1.222464,3.395543,0.75,0.772727,0.429,0.439439,0.353266,0.757893,2.133775,1.0,1.0,0.468655,0.468655,0.531345,0.918918,2.506576,1.0,1.0,0.400991,0.400991,0.599009
phase_cued_retrieval,313,sinusoidal,sinusoidal,4,2,4,3,0.0,7.063244,2.347477,-0.589197,0.002372,1.002374,1.0,1.0,0.997631,0.997631,0.002369,7.075245,1182.332935,0.0,0.1875,0.001197,0.79224,0.79224,5.80746,332.772744,0.0,0.103259,0.003784,0.513895,0.513895
exact_offset_passkey,313,sinusoidal,sinusoidal,4,2,4,3,1.0,7.063244,2.347477,-0.589197,0.216174,1.241319,1.0,1.0,0.805775,0.805775,0.194225,0.340314,1.405388,1.0,1.0,0.752484,0.752484,0.247516,0.897824,2.454258,0.5,0.75,0.448931,0.597054,0.15118
tiny_text_fact_qa,313,sinusoidal,sinusoidal,4,2,4,3,1.0,7.063244,2.347477,-0.589197,0.061907,1.063863,1.0,1.0,0.942241,0.942241,0.057759,0.022276,1.022526,1.0,1.0,0.97797,0.97797,0.02203,0.081174,1.08456,1.0,1.0,0.923609,0.923609,0.076391
phase_cued_retrieval,313,alibi,alibi,4,2,4,3,0.0,0.448346,3.534343,0.551654,0.024784,1.025093,1.0,1.0,0.975528,0.975528,0.024472,3.899295,49.367614,0.0,0.291667,0.022018,0.594721,0.594721,4.09911,60.28659,0.0,0.079917,0.019413,0.203223,0.203223
exact_offset_passkey,313,alibi,alibi,4,2,4,3,1.0,0.448346,3.534343,0.551654,4.033054,56.433002,0.0,0.060473,0.017788,0.238722,0.238722,2.204389,9.064716,0.5,0.516667,0.47436,0.547609,0.111894,4.852253,128.028527,0.0,0.082518,0.010431,0.356348,0.356348
tiny_text_fact_qa,313,alibi,alibi,4,2,4,3,1.0,0.448346,3.534343,0.551654,1.222434,3.395444,0.75,0.772727,0.429017,0.439456,0.35325,0.757837,2.133657,1.0,1.0,0.468681,0.468681,0.531319,0.918868,2.50645,1.0,1.0,0.40101,0.40101,0.59899
phase_cued_retrieval,313,rope_relative,rope,4,2,4,3,0.0,11.915359,2.128998,0.044905,0.032831,1.033376,1.0,1.0,0.967702,0.967702,0.032298,6.391956,597.023145,0.0,0.105072,0.00172,0.694769,0.694769,6.155422,471.265813,0.0,0.055426,0.005854,0.351817,0.351817
exact_offset_passkey,313,rope_relative,rope,4,2,4,3,1.0,11.915359,2.128998,0.044905,1.437767,4.21128,0.75,0.8125,0.241797,0.247964,0.502036,0.740054,2.09605,1.0,1.0,0.60049,0.60049,0.39951,1.22996,3.421094,0.75,0.875,0.300633,0.310075,0.439925
tiny_text_fact_qa,313,rope_relative,rope,4,2,4,3,1.0,11.915359,2.128998,0.044905,0.462286,1.587699,1.0,1.0,0.673002,0.673002,0.326998,0.244531,1.277022,1.0,1.0,0.783078,0.783078,0.216922,0.256748,1.292719,1.0,1.0,0.773571,0.773571,0.226429
phase_cued_retrieval,313,phasewrap_bias,phasewrap_bias,4,2,4,3,0.0,-2.128405,3.801653,-0.223787,0.010613,1.010669,1.0,1.0,0.989445,0.989445,0.010555,3.893638,49.089145,0.0,0.279412,0.020372,0.628142,0.628142,4.025622,56.015115,0.0,0.089681,0.027563,0.290038,0.290038
exact_offset_passkey,313,phasewrap_bias,phasewrap_bias,4,2,4,3,1.0,-2.128405,3.801653,-0.223787,3.51209,33.518258,0.0,0.08415,0.033088,0.21832,0.21832,1.840358,6.29879,0.5,0.538462,0.495678,0.595381,0.130138,5.261063,192.686276,0.0,0.079259,0.009627,0.389316,0.389316
tiny_text_fact_qa,313,phasewrap_bias,phasewrap_bias,4,2,4,3,1.0,-2.128405,3.801653,-0.223787,1.019596,2.772075,0.75,0.777778,0.525613,0.549088,0.274634,0.49313,1.637434,1.0,1.0,0.61097,0.61097,0.38903,0.677625,1.969195,1.0,1.0,0.50945,0.50945,0.49055
phase_cued_retrieval,313,phasewrap_adapter,phasewrap_adapter,4,2,4,3,0.0,-1.552124,3.717936,-0.195705,0.013673,1.013767,1.0,1.0,0.986422,0.986422,0.013578,3.626435,37.578601,0.0,0.288462,0.02664,0.600645,0.600645,3.863715,47.642016,0.0,0.101379,0.029661,0.255237,0.255237
exact_offset_passkey,313,phasewrap_adapter,phasewrap_adapter,4,2,4,3,1.0,-1.552124,3.717936,-0.195705,3.658511,38.803516,0.0,0.0665,0.027964,0.204086,0.204086,1.927196,6.870218,0.5,0.522727,0.487998,0.574805,0.121023,5.21588,184.173797,0.0,0.068523,0.0092,0.381706,0.381706
tiny_text_fact_qa,313,phasewrap_adapter,phasewrap_adapter,4,2,4,3,1.0,-1.552124,3.717936,-0.195705,1.077218,2.936498,0.75,0.775,0.49738,0.519668,0.299972,0.558636,1.748286,1.0,1.0,0.572224,0.572224,0.427776,0.748763,2.114382,1.0,1.0,0.47483,0.47483,0.52517
phase_cued_retrieval,317,no_position,no_position,4,2,4,3,0.0,0.0,3.659555,0.147351,0.641647,1.899607,0.75,0.875,0.757456,0.866557,0.142072,3.659775,38.852596,0.0,0.2,0.040979,0.507514,0.507514,4.693685,109.255078,0.0,0.049657,0.009356,0.27454,0.27454
exact_offset_passkey,317,no_position,no_position,4,2,4,3,1.0,0.0,3.659555,0.147351,4.100938,60.396929,0.0,0.061465,0.01663,0.207083,0.207083,4.290264,72.985766,0.0,0.047269,0.01371,0.178676,0.178676,4.74762,115.309492,0.0,0.046439,0.009133,0.417669,0.417669
tiny_text_fact_qa,317,no_position,no_position,4,2,4,3,1.0,0.0,3.659555,0.147351,0.512994,1.670284,1.0,1.0,0.599975,0.599975,0.400025,1.81827,6.161188,0.5,0.625,0.287559,0.289222,0.26429,0.855011,2.351401,1.0,1.0,0.427374,0.427374,0.572626
phase_cued_retrieval,317,sinusoidal,sinusoidal,4,2,4,3,0.0,7.032706,3.006853,5.458467,0.472764,1.604423,0.75,0.833333,0.787351,0.864614,0.115503,6.504108,667.879623,0.0,0.142857,0.001497,0.868345,0.868345,4.57498,97.026052,0.0,0.248397,0.037084,0.682136,0.682136
exact_offset_passkey,317,sinusoidal,sinusoidal,4,2,4,3,1.0,7.032706,3.006853,5.458467,0.44655,1.56291,1.0,1.0,0.649675,0.649675,0.350325,1.197068,3.310397,0.5,0.75,0.463071,0.781018,0.466971,1.740638,5.700982,0.5,0.6125,0.375694,0.716227,0.216227
tiny_text_fact_qa,317,sinusoidal,sinusoidal,4,2,4,3,1.0,7.032706,3.006853,5.458467,0.025965,1.026305,1.0,1.0,0.974463,0.974463,0.025537,0.288733,1.334735,1.0,1.0,0.778315,0.778315,0.221685,0.347164,1.415049,1.0,1.0,0.745537,0.745537,0.254463
phase_cued_retrieval,317,alibi,alibi,4,2,4,3,0.0,0.426325,3.659588,0.573675,0.641654,1.899621,0.75,0.875,0.75745,0.866551,0.142078,3.667204,39.1423,0.0,0.2,0.040912,0.513701,0.513701,4.699956,109.942342,0.0,0.049657,0.009309,0.280037,0.280037
exact_offset_passkey,317,alibi,alibi,4,2,4,3,1.0,0.426325,3.659588,0.573675,4.100951,60.397705,0.0,0.061465,0.01663,0.207084,0.207084,4.290276,72.986575,0.0,0.047269,0.01371,0.178677,0.178677,4.75721,116.420698,0.0,0.046439,0.009063,0.42597,0.42597
tiny_text_fact_qa,317,alibi,alibi,4,2,4,3,1.0,0.426325,3.659588,0.573675,0.512981,1.670262,1.0,1.0,0.599982,0.599982,0.400018,1.818262,6.161141,0.5,0.625,0.287562,0.289226,0.264286,0.854993,2.351358,1.0,1.0,0.427382,0.427382,0.572618
phase_cued_retrieval,317,rope_relative,rope,4,2,4,3,0.0,11.671216,2.759368,3.737159,0.772134,2.16438,0.75,0.8125,0.754364,0.872933,0.137674,3.902144,49.508466,0.0,0.141667,0.021055,0.463657,0.463657,5.651565,284.736674,0.0,0.034791,0.006058,0.207889,0.207889
exact_offset_passkey,317,rope_relative,rope,4,2,4,3,1.0,11.671216,2.759368,3.737159,1.595204,4.929335,1.0,1.0,0.205119,0.205119,0.794881,1.554773,4.734013,1.0,1.0,0.215017,0.215017,0.784983,1.820766,6.176586,0.25,0.583333,0.170871,0.290323,0.186479
tiny_text_fact_qa,317,rope_relative,rope,4,2,4,3,1.0,11.671216,2.759368,3.737159,0.163967,1.178175,1.0,1.0,0.848862,0.848862,0.151138,0.785758,2.19407,1.0,1.0,0.552695,0.552695,0.447305,0.171352,1.186909,1.0,1.0,0.842765,0.842765,0.157235
phase_cued_retrieval,317,phasewrap_bias,phasewrap_bias,4,2,4,3,0.0,-2.555168,4.40512,0.055891,0.647953,1.911624,0.75,0.8125,0.766188,0.883993,0.139472,3.992535,54.192073,0.0,0.197917,0.037881,0.558377,0.558377,4.627042,102.211232,0.0,0.042197,0.011462,0.319634,0.319634
exact_offset_passkey,317,phasewrap_bias,phasewrap_bias,4,2,4,3,1.0,-2.555168,4.40512,0.055891,3.411422,30.308302,0.0,0.072024,0.033823,0.164724,0.164724,4.062085,58.095312,0.0,0.049043,0.017234,0.2302,0.2302,4.651926,104.786611,0.0,0.037195,0.011551,0.406775,0.406775
tiny_text_fact_qa,317,phasewrap_bias,phasewrap_bias,4,2,4,3,1.0,-2.555168,4.40512,0.055891,0.254499,1.289815,1.0,1.0,0.77628,0.77628,0.22372,1.902511,6.702706,0.5,0.526316,0.373548,0.415193,0.199183,0.445298,1.560956,1.0,1.0,0.641864,0.641864,0.358136
phase_cued_retrieval,317,phasewrap_adapter,phasewrap_adapter,4,2,4,3,0.0,-2.239381,4.392657,-0.067925,0.586817,1.798256,0.75,0.875,0.770854,0.880051,0.136811,3.840388,46.543516,0.0,0.216667,0.045515,0.589951,0.589951,4.520339,91.86673,0.0,0.058926,0.012953,0.335975,0.335975
exact_offset_passkey,317,phasewrap_adapter,phasewrap_adapter,4,2,4,3,1.0,-2.239381,4.392657,-0.067925,3.586215,36.097186,0.0,0.068102,0.028434,0.154453,0.154453,4.285578,72.644545,0.0,0.047149,0.013861,0.260535,0.260535,4.76436,117.256002,0.0,0.03564,0.010156,0.398995,0.398995
tiny_text_fact_qa,317,phasewrap_adapter,phasewrap_adapter,4,2,4,3,1.0,-2.239381,4.392657,-0.067925,0.288478,1.334395,1.0,1.0,0.750422,0.750422,0.249578,1.981206,7.251482,0.5,0.526316,0.354257,0.391072,0.2105,0.497514,1.644628,1.0,1.0,0.609064,0.609064,0.390936
phase_cued_retrieval,331,no_position,no_position,4,2,4,3,0.0,0.0,4.469965,5.957124,0.114232,1.121012,1.0,1.0,0.907037,0.907037,0.092963,2.357888,10.568602,0.5,0.545455,0.19746,0.325423,0.454649,3.329911,27.935853,0.0,0.140698,0.047341,0.167557,0.167557
exact_offset_passkey,331,no_position,no_position,4,2,4,3,1.0,0.0,4.469965,5.957124,2.8288,16.925143,0.25,0.336806,0.264858,0.414617,0.171818,6.605264,738.975244,0.0,0.075556,0.001374,0.62501,0.62501,4.624955,101.99816,0.25,0.278732,0.202298,0.429425,0.279689
tiny_text_fact_qa,331,no_position,no_position,4,2,4,3,1.0,0.0,4.469965,5.957124,0.310725,1.364413,1.0,1.0,0.740171,0.740171,0.259829,2.219125,9.199273,0.5,0.5625,0.145567,0.192202,0.449819,1.162089,3.196604,1.0,1.0,0.342652,0.342652,0.657348
phase_cued_retrieval,331,sinusoidal,sinusoidal,4,2,4,3,0.0,6.278021,3.432697,9.357254,0.113294,1.119961,1.0,1.0,0.908772,0.908772,0.091228,6.121627,455.605221,0.0,0.166667,0.002605,0.85069,0.85069,4.448732,85.518477,0.0,0.300505,0.076417,0.679171,0.679171
exact_offset_passkey,331,sinusoidal,sinusoidal,4,2,4,3,1.0,6.278021,3.432697,9.357254,0.247741,1.281128,1.0,1.0,0.791141,0.791141,0.208859,1.685377,5.394486,0.5,0.625,0.280046,0.418765,0.42881,2.409304,11.126219,0.25,0.508333,0.303303,0.672159,0.508152
tiny_text_fact_qa,331,sinusoidal,sinusoidal,4,2,4,3,1.0,6.278021,3.432697,9.357254,0.013209,1.013297,1.0,1.0,0.986885,0.986885,0.013115,0.217522,1.242992,1.0,1.0,0.805034,0.805034,0.194966,0.808977,2.245609,0.5,0.75,0.580544,0.794531,0.346333
phase_cued_retrieval,331,alibi,alibi,4,2,4,3,0.0,-2.488923,4.478473,3.488923,0.113354,1.120028,1.0,1.0,0.907625,0.907625,0.092375,2.353614,10.52353,0.5,0.545455,0.1981,0.321601,0.449679,3.326352,27.83662,0.0,0.140698,0.047564,0.166645,0.166645
exact_offset_passkey,331,alibi,alibi,4,2,4,3,1.0,-2.488923,4.478473,3.488923,2.830772,16.958551,0.25,0.336806,0.264856,0.414728,0.17185,6.612524,744.359735,0.0,0.075556,0.001363,0.620755,0.620755,4.629973,102.511317,0.25,0.278732,0.202437,0.430443,0.28041
tiny_text_fact_qa,331,alibi,alibi,4,2,4,3,1.0,-2.488923,4.478473,3.488923,0.309595,1.362873,1.0,1.0,0.741011,0.741011,0.258989,2.21985,9.205948,0.5,0.5625,0.145446,0.192318,0.450152,1.161615,3.195091,1.0,1.0,0.342961,0.342961,0.657039
phase_cued_retrieval,331,rope_relative,rope,4,2,4,3,0.0,10.776667,3.645389,8.574453,0.209985,1.23366,1.0,1.0,0.856587,0.856587,0.143413,2.496193,12.136202,0.0,0.35,0.101407,0.339694,0.339694,3.776745,43.673633,0.0,0.168597,0.054627,0.180342,0.180342
exact_offset_passkey,331,rope_relative,rope,4,2,4,3,1.0,10.776667,3.645389,8.574453,1.189623,3.285841,1.0,1.0,0.405702,0.405702,0.594298,2.473452,11.863334,0.5,0.541667,0.139985,0.19184,0.440094,2.170868,8.765891,0.25,0.494048,0.287317,0.455968,0.226352
tiny_text_fact_qa,331,rope_relative,rope,4,2,4,3,1.0,10.776667,3.645389,8.574453,0.105182,1.110913,1.0,1.0,0.900591,0.900591,0.099409,0.867632,2.381266,1.0,1.0,0.46702,0.46702,0.53298,0.250384,1.284519,1.0,1.0,0.783039,0.783039,0.216961
phase_cued_retrieval,331,phasewrap_bias,phasewrap_bias,4,2,4,3,0.0,-2.218713,4.280702,5.746151,0.110198,1.116499,1.0,1.0,0.909503,0.909503,0.090497,2.357689,10.566507,0.5,0.583333,0.193082,0.331843,0.168157,3.32549,27.812611,0.0,0.154167,0.049549,0.269971,0.269971
exact_offset_passkey,331,phasewrap_bias,phasewrap_bias,4,2,4,3,1.0,-2.218713,4.280702,5.746151,2.293901,9.913535,0.25,0.419048,0.286587,0.512717,0.272516,6.739206,844.889426,0.0,0.14881,0.001255,0.779748,0.779748,4.734998,113.863207,0.25,0.289315,0.19991,0.529906,0.384322
tiny_text_fact_qa,331,phasewrap_bias,phasewrap_bias,4,2,4,3,1.0,-2.218713,4.280702,5.746151,0.267757,1.30703,1.0,1.0,0.781337,0.781337,0.218663,1.832355,6.248587,0.5,0.666667,0.185537,0.279951,0.220049,1.200568,3.322004,0.75,0.875,0.338163,0.340601,0.409399
phase_cued_retrieval,331,phasewrap_adapter,phasewrap_adapter,4,2,4,3,0.0,-1.835962,4.246355,5.703654,0.095227,1.099909,1.0,1.0,0.919406,0.919406,0.080594,2.24881,9.476451,0.5,0.583333,0.209911,0.313566,0.422197,3.204874,24.652402,0.0,0.166667,0.057161,0.255929,0.255929
exact_offset_passkey,331,phasewrap_adapter,phasewrap_adapter,4,2,4,3,1.0,-1.835962,4.246355,5.703654,2.38191,10.825556,0.25,0.385714,0.28034,0.497746,0.259458,6.721849,830.351246,0.0,0.147727,0.001276,0.719027,0.719027,4.823293,124.37401,0.25,0.286407,0.189684,0.512627,0.387179
tiny_text_fact_qa,331,phasewrap_adapter,phasewrap_adapter,4,2,4,3,1.0,-1.835962,4.246355,5.703654,0.290193,1.336685,1.0,1.0,0.766004,0.766004,0.233996,1.946145,7.001645,0.5,0.666667,0.162453,0.258057,0.241943,1.286975,3.621812,0.75,0.875,0.315728,0.320761,0.429239
