task,seed,method,stage10_method_alias,epochs,learning_rate,support_aux_weight,target_attention_aux_weight,teacher_distillation_weight,support_binding_weight,optimizer,training_tasks,support_classes,base_train_row_count,curriculum_row_count,task_train_row_count,multitask_train_row_count,train_row_count,validation_row_count,test_row_count,final_training_loss,learned_position_scale,learned_copy_gate,train_loss,train_perplexity,train_top1_accuracy,train_mrr,train_mean_target_probability,train_mean_top1_confidence,train_expected_calibration_error,train_mean_copy_gate,train_support_accuracy,train_mean_target_attention,validation_loss,validation_perplexity,validation_top1_accuracy,validation_mrr,validation_mean_target_probability,validation_mean_top1_confidence,validation_expected_calibration_error,validation_mean_copy_gate,validation_support_accuracy,validation_mean_target_attention,test_loss,test_perplexity,test_top1_accuracy,test_mrr,test_mean_target_probability,test_mean_top1_confidence,test_expected_calibration_error,test_mean_copy_gate,test_support_accuracy,test_mean_target_attention
phase_cued_retrieval,307,no_position,no_position,10,0.03,0.7,0.6,0.8,0.8,full_batch_adam_three_block_structural_teacher_distillation,"['phase_cued_retrieval', 'exact_offset_passkey', 'tiny_text_fact_qa']","[5, 7, 8, 11, 12, 16, 19]",12,6,18,54,18,6,12,6.839915,1.0,0.857639,2.992547,19.936386,0.333333,0.463183,0.060052,0.078796,0.254538,0.857639,0.833333,0.041103,3.255149,25.923488,0.333333,0.447884,0.042763,0.066474,0.266859,0.857639,0.666667,0.030001,3.802015,44.791357,0.083333,0.198474,0.024707,0.054946,0.028387,0.857639,0.416667,0.018267
exact_offset_passkey,307,no_position,no_position,10,0.03,0.7,0.6,0.8,0.8,full_batch_adam_three_block_structural_teacher_distillation,"['phase_cued_retrieval', 'exact_offset_passkey', 'tiny_text_fact_qa']","[5, 7, 8, 11, 12, 16, 19]",12,6,18,54,18,6,12,6.839915,1.0,0.857639,3.120842,22.665448,0.111111,0.310569,0.047068,0.069271,0.053284,0.857639,1.0,0.03716,3.39336,29.765794,0.0,0.188267,0.035337,0.060278,0.060278,0.857639,1.0,0.02682,3.819762,45.593335,0.083333,0.203586,0.024902,0.049244,0.03409,0.857639,1.0,0.018201
tiny_text_fact_qa,307,no_position,no_position,10,0.03,0.7,0.6,0.8,0.8,full_batch_adam_three_block_structural_teacher_distillation,"['phase_cued_retrieval', 'exact_offset_passkey', 'tiny_text_fact_qa']","[5, 7, 8, 11, 12, 16, 19]",12,6,18,54,18,6,12,6.839915,1.0,0.857639,2.870845,17.651919,0.277778,0.468519,0.059296,0.082841,0.194936,0.857639,1.0,0.044675,3.114708,22.526858,0.333333,0.477778,0.045278,0.063338,0.269995,0.857639,1.0,0.032974,3.36747,29.005043,0.083333,0.290675,0.036827,0.062839,0.020494,0.857639,1.0,0.023776
phase_cued_retrieval,307,sinusoidal,sinusoidal,10,0.03,0.7,0.6,0.8,0.8,full_batch_adam_three_block_structural_teacher_distillation,"['phase_cued_retrieval', 'exact_offset_passkey', 'tiny_text_fact_qa']","[5, 7, 8, 11, 12, 16, 19]",12,6,18,54,18,6,12,5.125102,1.299395,0.857794,2.317721,10.152509,0.722222,0.759283,0.121444,0.132629,0.589593,0.857794,0.833333,0.110265,2.904316,18.252748,0.333333,0.416739,0.072238,0.099548,0.33395,0.857794,0.833333,0.060074,3.626707,37.588818,0.0,0.103949,0.027637,0.068544,0.068544,0.857794,0.833333,0.02526
exact_offset_passkey,307,sinusoidal,sinusoidal,10,0.03,0.7,0.6,0.8,0.8,full_batch_adam_three_block_structural_teacher_distillation,"['phase_cued_retrieval', 'exact_offset_passkey', 'tiny_text_fact_qa']","[5, 7, 8, 11, 12, 16, 19]",12,6,18,54,18,6,12,5.125102,1.299395,0.857794,2.107295,8.225958,1.0,1.0,0.126193,0.126193,0.873807,0.857794,1.0,0.12026,2.314335,10.118192,1.0,1.0,0.10292,0.10292,0.89708,0.857794,1.0,0.093444,2.911582,18.385854,0.333333,0.613889,0.056002,0.068905,0.264428,0.857794,1.0,0.058076
tiny_text_fact_qa,307,sinusoidal,sinusoidal,10,0.03,0.7,0.6,0.8,0.8,full_batch_adam_three_block_structural_teacher_distillation,"['phase_cued_retrieval', 'exact_offset_passkey', 'tiny_text_fact_qa']","[5, 7, 8, 11, 12, 16, 19]",12,6,18,54,18,6,12,5.125102,1.299395,0.857794,1.950596,7.032876,0.944444,0.972222,0.14704,0.147117,0.797327,0.857794,1.0,0.13483,2.188544,8.922213,0.833333,0.916667,0.11291,0.113142,0.720191,0.857794,1.0,0.104034,2.434116,11.405728,0.916667,0.958333,0.089816,0.090392,0.826274,0.857794,1.0,0.076821
phase_cued_retrieval,307,alibi,alibi,10,0.03,0.7,0.6,0.8,0.8,full_batch_adam_three_block_structural_teacher_distillation,"['phase_cued_retrieval', 'exact_offset_passkey', 'tiny_text_fact_qa']","[5, 7, 8, 11, 12, 16, 19]",12,6,18,54,18,6,12,6.797746,0.717927,0.857652,2.96631,19.420118,0.277778,0.417085,0.067244,0.090804,0.186973,0.857652,0.833333,0.040629,3.33444,28.062661,0.333333,0.379586,0.04258,0.073415,0.293936,0.857652,0.666667,0.028015,3.985272,53.799911,0.083333,0.169027,0.022004,0.058875,0.024458,0.857652,0.333333,0.014698
exact_offset_passkey,307,alibi,alibi,10,0.03,0.7,0.6,0.8,0.8,full_batch_adam_three_block_structural_teacher_distillation,"['phase_cued_retrieval', 'exact_offset_passkey', 'tiny_text_fact_qa']","[5, 7, 8, 11, 12, 16, 19]",12,6,18,54,18,6,12,6.797746,0.717927,0.857652,3.088357,21.941001,0.111111,0.304943,0.050023,0.077917,0.039846,0.857652,1.0,0.038529,3.444387,31.324088,0.0,0.166969,0.034329,0.070986,0.070986,0.857652,1.0,0.025133,3.947127,51.786384,0.0,0.130077,0.022725,0.052466,0.052466,0.857652,1.0,0.016558
tiny_text_fact_qa,307,alibi,alibi,10,0.03,0.7,0.6,0.8,0.8,full_batch_adam_three_block_structural_teacher_distillation,"['phase_cued_retrieval', 'exact_offset_passkey', 'tiny_text_fact_qa']","[5, 7, 8, 11, 12, 16, 19]",12,6,18,54,18,6,12,6.797746,0.717927,0.857652,2.717974,15.149592,0.166667,0.463955,0.069657,0.104145,0.086698,0.857652,1.0,0.048558,3.024786,20.589589,0.166667,0.377976,0.050532,0.07939,0.158533,0.857652,1.0,0.032819,3.299423,27.096999,0.166667,0.292741,0.040842,0.072108,0.114153,0.857652,1.0,0.023246
phase_cued_retrieval,307,rope_relative,rope,10,0.03,0.7,0.6,0.8,0.8,full_batch_adam_three_block_structural_teacher_distillation,"['phase_cued_retrieval', 'exact_offset_passkey', 'tiny_text_fact_qa']","[5, 7, 8, 11, 12, 16, 19]",12,6,18,54,18,6,12,6.341319,1.29975,0.857708,2.872864,17.687611,0.388889,0.532528,0.067153,0.080471,0.308418,0.857708,0.833333,0.052181,3.23917,25.512545,0.333333,0.395757,0.046617,0.07106,0.262273,0.857708,0.666667,0.032738,3.957473,52.324913,0.0,0.113481,0.02164,0.055984,0.055984,0.857708,0.583333,0.015589
exact_offset_passkey,307,rope_relative,rope,10,0.03,0.7,0.6,0.8,0.8,full_batch_adam_three_block_structural_teacher_distillation,"['phase_cued_retrieval', 'exact_offset_passkey', 'tiny_text_fact_qa']","[5, 7, 8, 11, 12, 16, 19]",12,6,18,54,18,6,12,6.341319,1.29975,0.857708,2.741324,15.507498,0.5,0.677778,0.068136,0.077559,0.422441,0.857708,1.0,0.055787,2.920695,18.55417,0.333333,0.5,0.0583,0.070477,0.262856,0.857708,1.0,0.045224,3.498203,33.056005,0.083333,0.288531,0.032524,0.049548,0.033785,0.857708,1.0,0.028018
tiny_text_fact_qa,307,rope_relative,rope,10,0.03,0.7,0.6,0.8,0.8,full_batch_adam_three_block_structural_teacher_distillation,"['phase_cued_retrieval', 'exact_offset_passkey', 'tiny_text_fact_qa']","[5, 7, 8, 11, 12, 16, 19]",12,6,18,54,18,6,12,6.341319,1.29975,0.857708,2.603734,13.514107,0.5,0.712963,0.076922,0.089828,0.410172,0.857708,1.0,0.062291,2.824584,16.853939,0.333333,0.583333,0.060207,0.06846,0.264874,0.857708,1.0,0.048494,3.045294,21.016218,0.166667,0.481944,0.049135,0.061218,0.105449,0.857708,1.0,0.036776
phase_cued_retrieval,307,phasewrap_bias,phasewrap_bias,10,0.03,0.7,0.6,0.8,0.8,full_batch_adam_three_block_structural_teacher_distillation,"['phase_cued_retrieval', 'exact_offset_passkey', 'tiny_text_fact_qa']","[5, 7, 8, 11, 12, 16, 19]",12,6,18,54,18,6,12,7.421652,0.703411,0.857882,3.23396,25.379974,0.111111,0.262221,0.054879,0.122308,0.074708,0.857882,0.611111,0.026329,3.614525,37.133719,0.0,0.153613,0.034524,0.120461,0.120461,0.857882,0.5,0.016354,4.188725,65.938663,0.0,0.07075,0.019225,0.086644,0.086644,0.857882,0.25,0.009909
exact_offset_passkey,307,phasewrap_bias,phasewrap_bias,10,0.03,0.7,0.6,0.8,0.8,full_batch_adam_three_block_structural_teacher_distillation,"['phase_cued_retrieval', 'exact_offset_passkey', 'tiny_text_fact_qa']","[5, 7, 8, 11, 12, 16, 19]",12,6,18,54,18,6,12,7.421652,0.703411,0.857882,3.538947,34.430635,0.055556,0.158902,0.036858,0.123097,0.067541,0.857882,1.0,0.020555,3.959512,52.431737,0.0,0.072693,0.021182,0.117291,0.117291,0.857882,1.0,0.01364,4.290472,73.000928,0.083333,0.13343,0.019505,0.074854,0.008479,0.857882,1.0,0.009273
tiny_text_fact_qa,307,phasewrap_bias,phasewrap_bias,10,0.03,0.7,0.6,0.8,0.8,full_batch_adam_three_block_structural_teacher_distillation,"['phase_cued_retrieval', 'exact_offset_passkey', 'tiny_text_fact_qa']","[5, 7, 8, 11, 12, 16, 19]",12,6,18,54,18,6,12,7.421652,0.703411,0.857882,3.152488,23.394209,0.0,0.200044,0.048196,0.154973,0.154973,0.857882,1.0,0.029708,3.545423,34.654356,0.0,0.112434,0.030505,0.120636,0.120636,0.857882,1.0,0.019517,3.778941,43.769672,0.0,0.095252,0.024154,0.110873,0.110873,0.857882,1.0,0.013962
phase_cued_retrieval,307,phasewrap_adapter,phasewrap_adapter,10,0.03,0.7,0.6,0.8,0.8,full_batch_adam_three_block_structural_teacher_distillation,"['phase_cued_retrieval', 'exact_offset_passkey', 'tiny_text_fact_qa']","[5, 7, 8, 11, 12, 16, 19]",12,6,18,54,18,6,12,7.369223,0.703694,0.857889,3.173203,23.883869,0.111111,0.277507,0.057833,0.122381,0.099112,0.857889,0.611111,0.028168,3.6328,37.81855,0.0,0.157778,0.034488,0.120963,0.120963,0.857889,0.5,0.016182,4.189098,65.963266,0.0,0.081675,0.019904,0.085883,0.085883,0.857889,0.333333,0.009652
exact_offset_passkey,307,phasewrap_adapter,phasewrap_adapter,10,0.03,0.7,0.6,0.8,0.8,full_batch_adam_three_block_structural_teacher_distillation,"['phase_cued_retrieval', 'exact_offset_passkey', 'tiny_text_fact_qa']","[5, 7, 8, 11, 12, 16, 19]",12,6,18,54,18,6,12,7.369223,0.703694,0.857889,3.513727,33.57315,0.055556,0.166684,0.037772,0.120583,0.065028,0.857889,1.0,0.021503,3.94589,51.722376,0.0,0.075552,0.021659,0.107942,0.107942,0.857889,1.0,0.014452,4.252398,70.273733,0.083333,0.139,0.019907,0.075307,0.008027,0.857889,1.0,0.009785
tiny_text_fact_qa,307,phasewrap_adapter,phasewrap_adapter,10,0.03,0.7,0.6,0.8,0.8,full_batch_adam_three_block_structural_teacher_distillation,"['phase_cued_retrieval', 'exact_offset_passkey', 'tiny_text_fact_qa']","[5, 7, 8, 11, 12, 16, 19]",12,6,18,54,18,6,12,7.369223,0.703694,0.857889,3.17494,23.925392,0.0,0.192595,0.047512,0.157094,0.157094,0.857889,1.0,0.030072,3.589189,36.204708,0.0,0.106217,0.029221,0.114595,0.114595,0.857889,1.0,0.019649,3.795036,44.47985,0.0,0.093226,0.023558,0.112902,0.112902,0.857889,1.0,0.014363
phase_cued_retrieval,311,no_position,no_position,10,0.03,0.7,0.6,0.8,0.8,full_batch_adam_three_block_structural_teacher_distillation,"['phase_cued_retrieval', 'exact_offset_passkey', 'tiny_text_fact_qa']","[5, 7, 8, 11, 12, 16, 19]",12,6,18,54,18,6,12,7.005203,1.0,0.857622,3.2856,26.725005,0.111111,0.309612,0.039978,0.065073,0.046038,0.857622,1.0,0.037598,3.53238,34.205266,0.166667,0.288161,0.030873,0.051554,0.115112,0.857622,1.0,0.027925,3.789099,44.216524,0.0,0.092813,0.023492,0.050281,0.050281,0.857622,0.916667,0.018521
exact_offset_passkey,311,no_position,no_position,10,0.03,0.7,0.6,0.8,0.8,full_batch_adam_three_block_structural_teacher_distillation,"['phase_cued_retrieval', 'exact_offset_passkey', 'tiny_text_fact_qa']","[5, 7, 8, 11, 12, 16, 19]",12,6,18,54,18,6,12,7.005203,1.0,0.857622,3.213266,24.860142,0.166667,0.349162,0.043129,0.068945,0.133919,0.857622,1.0,0.037412,3.523865,33.915257,0.0,0.191071,0.030816,0.055686,0.055686,0.857622,1.0,0.028095,3.941453,51.49336,0.083333,0.133371,0.020502,0.047754,0.035579,0.857622,1.0,0.018618
tiny_text_fact_qa,311,no_position,no_position,10,0.03,0.7,0.6,0.8,0.8,full_batch_adam_three_block_structural_teacher_distillation,"['phase_cued_retrieval', 'exact_offset_passkey', 'tiny_text_fact_qa']","[5, 7, 8, 11, 12, 16, 19]",12,6,18,54,18,6,12,7.005203,1.0,0.857622,2.884372,17.892326,0.277778,0.445833,0.059308,0.076012,0.201766,0.857622,1.0,0.041973,2.985653,19.799423,0.333333,0.5,0.053237,0.062063,0.27127,0.857622,1.0,0.031547,3.265137,26.183699,0.333333,0.463683,0.042312,0.056108,0.277225,0.857622,1.0,0.022419
phase_cued_retrieval,311,sinusoidal,sinusoidal,10,0.03,0.7,0.6,0.8,0.8,full_batch_adam_three_block_structural_teacher_distillation,"['phase_cued_retrieval', 'exact_offset_passkey', 'tiny_text_fact_qa']","[5, 7, 8, 11, 12, 16, 19]",12,6,18,54,18,6,12,5.231949,1.299451,0.857781,2.49162,12.080837,0.666667,0.737458,0.095183,0.106865,0.559802,0.857781,1.0,0.101096,3.095296,22.09378,0.333333,0.406818,0.053194,0.08384,0.249494,0.857781,1.0,0.05574,3.56431,35.315091,0.0,0.130339,0.029796,0.067025,0.067025,0.857781,0.833333,0.024968
exact_offset_passkey,311,sinusoidal,sinusoidal,10,0.03,0.7,0.6,0.8,0.8,full_batch_adam_three_block_structural_teacher_distillation,"['phase_cued_retrieval', 'exact_offset_passkey', 'tiny_text_fact_qa']","[5, 7, 8, 11, 12, 16, 19]",12,6,18,54,18,6,12,5.231949,1.299451,0.857781,2.206937,9.087836,1.0,1.0,0.112447,0.112447,0.887553,0.857781,1.0,0.120492,2.444854,11.528862,1.0,1.0,0.087291,0.087291,0.912709,0.857781,1.0,0.09453,2.901044,18.193123,0.416667,0.652778,0.055531,0.061763,0.354903,0.857781,1.0,0.060098
tiny_text_fact_qa,311,sinusoidal,sinusoidal,10,0.03,0.7,0.6,0.8,0.8,full_batch_adam_three_block_structural_teacher_distillation,"['phase_cued_retrieval', 'exact_offset_passkey', 'tiny_text_fact_qa']","[5, 7, 8, 11, 12, 16, 19]",12,6,18,54,18,6,12,5.231949,1.299451,0.857781,2.084719,8.042332,0.944444,0.972222,0.127804,0.128045,0.816399,0.857781,1.0,0.122012,2.256816,9.552628,0.833333,0.916667,0.106527,0.10725,0.726084,0.857781,1.0,0.095479,2.519253,12.419311,0.833333,0.895833,0.084031,0.085931,0.747403,0.857781,1.0,0.068392
phase_cued_retrieval,311,alibi,alibi,10,0.03,0.7,0.6,0.8,0.8,full_batch_adam_three_block_structural_teacher_distillation,"['phase_cued_retrieval', 'exact_offset_passkey', 'tiny_text_fact_qa']","[5, 7, 8, 11, 12, 16, 19]",12,6,18,54,18,6,12,6.974144,0.709003,0.857624,3.307695,27.322067,0.055556,0.192682,0.039583,0.071628,0.016073,0.857624,1.0,0.037162,3.637714,38.004876,0.166667,0.208827,0.029407,0.054186,0.112481,0.857624,1.0,0.024286,3.958386,52.372735,0.0,0.061277,0.020143,0.05409,0.05409,0.857624,0.916667,0.014994
exact_offset_passkey,311,alibi,alibi,10,0.03,0.7,0.6,0.8,0.8,full_batch_adam_three_block_structural_teacher_distillation,"['phase_cued_retrieval', 'exact_offset_passkey', 'tiny_text_fact_qa']","[5, 7, 8, 11, 12, 16, 19]",12,6,18,54,18,6,12,6.974144,0.709003,0.857624,3.215009,24.903527,0.0,0.200664,0.043148,0.078565,0.078565,0.857624,1.0,0.037401,3.480004,32.459864,0.0,0.152599,0.032357,0.058956,0.058956,0.857624,1.0,0.029065,3.966216,52.784416,0.083333,0.12818,0.0201,0.05155,0.031784,0.857624,1.0,0.019159
tiny_text_fact_qa,311,alibi,alibi,10,0.03,0.7,0.6,0.8,0.8,full_batch_adam_three_block_structural_teacher_distillation,"['phase_cued_retrieval', 'exact_offset_passkey', 'tiny_text_fact_qa']","[5, 7, 8, 11, 12, 16, 19]",12,6,18,54,18,6,12,6.974144,0.709003,0.857624,2.752898,15.688037,0.333333,0.489638,0.068791,0.087215,0.246119,0.857624,1.0,0.045044,2.851387,17.311782,0.333333,0.518519,0.062379,0.073316,0.260017,0.857624,1.0,0.033266,3.132097,22.922007,0.333333,0.483154,0.049676,0.06485,0.268483,0.857624,1.0,0.024469
phase_cued_retrieval,311,rope_relative,rope,10,0.03,0.7,0.6,0.8,0.8,full_batch_adam_three_block_structural_teacher_distillation,"['phase_cued_retrieval', 'exact_offset_passkey', 'tiny_text_fact_qa']","[5, 7, 8, 11, 12, 16, 19]",12,6,18,54,18,6,12,6.510737,1.299832,0.857681,3.089246,21.960517,0.166667,0.350983,0.049429,0.067387,0.09928,0.857681,0.944444,0.049009,3.496148,32.988139,0.166667,0.252949,0.033097,0.053567,0.1131,0.857681,1.0,0.031251,3.893918,49.102912,0.0,0.072216,0.021313,0.053969,0.053969,0.857681,0.833333,0.016591
exact_offset_passkey,311,rope_relative,rope,10,0.03,0.7,0.6,0.8,0.8,full_batch_adam_three_block_structural_teacher_distillation,"['phase_cued_retrieval', 'exact_offset_passkey', 'tiny_text_fact_qa']","[5, 7, 8, 11, 12, 16, 19]",12,6,18,54,18,6,12,6.510737,1.299832,0.857681,2.905878,18.28129,0.166667,0.429762,0.057003,0.071076,0.108031,0.857681,1.0,0.054054,3.163577,23.65505,0.0,0.259921,0.043065,0.057176,0.057176,0.857681,1.0,0.042085,3.552493,34.900198,0.083333,0.218756,0.0294,0.048384,0.034949,0.857681,1.0,0.029066
tiny_text_fact_qa,311,rope_relative,rope,10,0.03,0.7,0.6,0.8,0.8,full_batch_adam_three_block_structural_teacher_distillation,"['phase_cued_retrieval', 'exact_offset_passkey', 'tiny_text_fact_qa']","[5, 7, 8, 11, 12, 16, 19]",12,6,18,54,18,6,12,6.510737,1.299832,0.857681,2.734033,15.39485,0.277778,0.525463,0.067642,0.079287,0.198491,0.857681,1.0,0.055185,2.848701,17.265334,0.333333,0.638889,0.059405,0.066371,0.266963,0.857681,1.0,0.043457,3.087437,21.920818,0.333333,0.525099,0.048429,0.05521,0.278123,0.857681,1.0,0.032429
phase_cued_retrieval,311,phasewrap_bias,phasewrap_bias,10,0.03,0.7,0.6,0.8,0.8,full_batch_adam_three_block_structural_teacher_distillation,"['phase_cued_retrieval', 'exact_offset_passkey', 'tiny_text_fact_qa']","[5, 7, 8, 11, 12, 16, 19]",12,6,18,54,18,6,12,7.782344,0.702839,0.857712,3.851526,47.064839,0.0,0.081873,0.022703,0.111513,0.111513,0.857712,0.777778,0.019891,4.097433,60.185569,0.0,0.061933,0.017275,0.087451,0.087451,0.857712,0.833333,0.014513,4.248204,69.979605,0.0,0.067539,0.016664,0.071861,0.071861,0.857712,0.5,0.009689
exact_offset_passkey,311,phasewrap_bias,phasewrap_bias,10,0.03,0.7,0.6,0.8,0.8,full_batch_adam_three_block_structural_teacher_distillation,"['phase_cued_retrieval', 'exact_offset_passkey', 'tiny_text_fact_qa']","[5, 7, 8, 11, 12, 16, 19]",12,6,18,54,18,6,12,7.782344,0.702839,0.857712,3.707575,40.754871,0.0,0.102416,0.02928,0.100637,0.100637,0.857712,1.0,0.019612,3.941673,51.504693,0.0,0.100705,0.02651,0.076838,0.076838,0.857712,1.0,0.014818,4.455477,86.097184,0.0,0.047984,0.013866,0.074239,0.074239,0.857712,1.0,0.009392
tiny_text_fact_qa,311,phasewrap_bias,phasewrap_bias,10,0.03,0.7,0.6,0.8,0.8,full_batch_adam_three_block_structural_teacher_distillation,"['phase_cued_retrieval', 'exact_offset_passkey', 'tiny_text_fact_qa']","[5, 7, 8, 11, 12, 16, 19]",12,6,18,54,18,6,12,7.782344,0.702839,0.857712,3.561017,35.198988,0.055556,0.14426,0.032472,0.098703,0.056415,0.857712,1.0,0.019637,3.538658,34.420688,0.166667,0.239169,0.034589,0.085686,0.080981,0.857712,1.0,0.015516,3.91401,50.099437,0.0,0.074997,0.023426,0.07657,0.07657,0.857712,1.0,0.010864
phase_cued_retrieval,311,phasewrap_adapter,phasewrap_adapter,10,0.03,0.7,0.6,0.8,0.8,full_batch_adam_three_block_structural_teacher_distillation,"['phase_cued_retrieval', 'exact_offset_passkey', 'tiny_text_fact_qa']","[5, 7, 8, 11, 12, 16, 19]",12,6,18,54,18,6,12,7.737462,0.703001,0.857719,3.84082,46.56365,0.0,0.083486,0.022872,0.11096,0.11096,0.857719,0.777778,0.020304,4.120006,61.559618,0.0,0.060481,0.016912,0.085109,0.085109,0.857719,0.833333,0.014239,4.28191,72.378542,0.0,0.052808,0.016135,0.072458,0.072458,0.857719,0.416667,0.00927
exact_offset_passkey,311,phasewrap_adapter,phasewrap_adapter,10,0.03,0.7,0.6,0.8,0.8,full_batch_adam_three_block_structural_teacher_distillation,"['phase_cued_retrieval', 'exact_offset_passkey', 'tiny_text_fact_qa']","[5, 7, 8, 11, 12, 16, 19]",12,6,18,54,18,6,12,7.737462,0.703001,0.857719,3.683773,39.796261,0.0,0.114314,0.029528,0.101315,0.101315,0.857719,1.0,0.020451,3.919102,50.355185,0.0,0.131021,0.026322,0.078007,0.078007,0.857719,1.0,0.01537,4.398496,81.328448,0.0,0.050818,0.014553,0.07506,0.07506,0.857719,1.0,0.009941
tiny_text_fact_qa,311,phasewrap_adapter,phasewrap_adapter,10,0.03,0.7,0.6,0.8,0.8,full_batch_adam_three_block_structural_teacher_distillation,"['phase_cued_retrieval', 'exact_offset_passkey', 'tiny_text_fact_qa']","[5, 7, 8, 11, 12, 16, 19]",12,6,18,54,18,6,12,7.737462,0.703001,0.857719,3.532726,34.217111,0.055556,0.14542,0.033308,0.098583,0.067236,0.857719,1.0,0.02035,3.508389,33.394436,0.166667,0.24112,0.035411,0.085581,0.081085,0.857719,1.0,0.016127,3.881207,48.482696,0.0,0.077733,0.02405,0.078323,0.078323,0.857719,1.0,0.011387
phase_cued_retrieval,313,no_position,no_position,10,0.03,0.7,0.6,0.8,0.8,full_batch_adam_three_block_structural_teacher_distillation,"['phase_cued_retrieval', 'exact_offset_passkey', 'tiny_text_fact_qa']","[5, 7, 8, 11, 12, 16, 19]",12,6,18,54,18,6,12,7.00157,1.0,0.857589,3.239219,25.513778,0.055556,0.228975,0.042224,0.0804,0.093862,0.857589,1.0,0.03654,3.402325,30.03385,0.0,0.190432,0.034615,0.069141,0.069141,0.857589,1.0,0.027849,3.733163,41.811144,0.0,0.124375,0.025603,0.051046,0.051046,0.857589,0.75,0.019032
exact_offset_passkey,313,no_position,no_position,10,0.03,0.7,0.6,0.8,0.8,full_batch_adam_three_block_structural_teacher_distillation,"['phase_cued_retrieval', 'exact_offset_passkey', 'tiny_text_fact_qa']","[5, 7, 8, 11, 12, 16, 19]",12,6,18,54,18,6,12,7.00157,1.0,0.857589,3.217401,24.963167,0.055556,0.26583,0.042625,0.066215,0.010659,0.857589,1.0,0.036622,3.288036,26.790205,0.0,0.246154,0.03957,0.059493,0.059493,0.857589,1.0,0.028023,3.725055,41.473501,0.0,0.178125,0.025896,0.051992,0.051992,0.857589,1.0,0.018482
tiny_text_fact_qa,313,no_position,no_position,10,0.03,0.7,0.6,0.8,0.8,full_batch_adam_three_block_structural_teacher_distillation,"['phase_cued_retrieval', 'exact_offset_passkey', 'tiny_text_fact_qa']","[5, 7, 8, 11, 12, 16, 19]",12,6,18,54,18,6,12,7.00157,1.0,0.857589,2.89062,18.004464,0.166667,0.420833,0.05905,0.084145,0.082521,0.857589,1.0,0.041215,3.148231,23.294824,0.166667,0.345833,0.044391,0.062241,0.104425,0.857589,1.0,0.031156,3.410635,30.284483,0.083333,0.273876,0.034519,0.061604,0.021729,0.857589,1.0,0.022656
phase_cued_retrieval,313,sinusoidal,sinusoidal,10,0.03,0.7,0.6,0.8,0.8,full_batch_adam_three_block_structural_teacher_distillation,"['phase_cued_retrieval', 'exact_offset_passkey', 'tiny_text_fact_qa']","[5, 7, 8, 11, 12, 16, 19]",12,6,18,54,18,6,12,5.23796,1.299419,0.857777,2.478353,11.921608,0.666667,0.738029,0.095516,0.112435,0.554231,0.857777,0.888889,0.098533,3.007921,20.245261,0.333333,0.443254,0.05628,0.087174,0.246159,0.857777,0.833333,0.053336,3.454453,31.640972,0.083333,0.194872,0.033541,0.061629,0.021704,0.857777,0.916667,0.025783
exact_offset_passkey,313,sinusoidal,sinusoidal,10,0.03,0.7,0.6,0.8,0.8,full_batch_adam_three_block_structural_teacher_distillation,"['phase_cued_retrieval', 'exact_offset_passkey', 'tiny_text_fact_qa']","[5, 7, 8, 11, 12, 16, 19]",12,6,18,54,18,6,12,5.23796,1.299419,0.857777,2.211635,9.130628,0.944444,0.972222,0.111338,0.113056,0.831389,0.857777,1.0,0.117635,2.339643,10.377531,0.833333,0.916667,0.097832,0.102986,0.730348,0.857777,1.0,0.09049,2.739282,15.475875,0.5,0.715278,0.067012,0.072807,0.427193,0.857777,1.0,0.060923
tiny_text_fact_qa,313,sinusoidal,sinusoidal,10,0.03,0.7,0.6,0.8,0.8,full_batch_adam_three_block_structural_teacher_distillation,"['phase_cued_retrieval', 'exact_offset_passkey', 'tiny_text_fact_qa']","[5, 7, 8, 11, 12, 16, 19]",12,6,18,54,18,6,12,5.23796,1.299419,0.857777,1.952235,7.044414,1.0,1.0,0.145565,0.145565,0.854435,0.857777,1.0,0.125516,2.174774,8.8002,1.0,1.0,0.114902,0.114902,0.885098,0.857777,1.0,0.099216,2.498955,12.169769,1.0,1.0,0.083011,0.083011,0.916989,0.857777,1.0,0.072042
phase_cued_retrieval,313,alibi,alibi,10,0.03,0.7,0.6,0.8,0.8,full_batch_adam_three_block_structural_teacher_distillation,"['phase_cued_retrieval', 'exact_offset_passkey', 'tiny_text_fact_qa']","[5, 7, 8, 11, 12, 16, 19]",12,6,18,54,18,6,12,6.974368,0.720972,0.857566,3.245209,25.667084,0.055556,0.210716,0.042309,0.077097,0.103622,0.857566,1.0,0.036231,3.478106,32.398306,0.0,0.170293,0.033215,0.065422,0.065422,0.857566,1.0,0.024547,3.930166,50.915425,0.0,0.081137,0.021381,0.051395,0.051395,0.857566,0.666667,0.014971
exact_offset_passkey,313,alibi,alibi,10,0.03,0.7,0.6,0.8,0.8,full_batch_adam_three_block_structural_teacher_distillation,"['phase_cued_retrieval', 'exact_offset_passkey', 'tiny_text_fact_qa']","[5, 7, 8, 11, 12, 16, 19]",12,6,18,54,18,6,12,6.974368,0.720972,0.857566,3.171237,23.836956,0.111111,0.28793,0.043517,0.071159,0.064485,0.857566,1.0,0.039765,3.210459,24.790456,0.166667,0.387037,0.042246,0.06803,0.13387,0.857566,1.0,0.031741,3.672885,39.365315,0.0,0.198257,0.026994,0.048753,0.048753,0.857566,1.0,0.019561
tiny_text_fact_qa,313,alibi,alibi,10,0.03,0.7,0.6,0.8,0.8,full_batch_adam_three_block_structural_teacher_distillation,"['phase_cued_retrieval', 'exact_offset_passkey', 'tiny_text_fact_qa']","[5, 7, 8, 11, 12, 16, 19]",12,6,18,54,18,6,12,6.974368,0.720972,0.857566,2.974823,19.586149,0.111111,0.32218,0.054162,0.088812,0.022299,0.857566,1.0,0.03916,3.243365,25.619797,0.0,0.205429,0.040375,0.065416,0.065416,0.857566,1.0,0.030143,3.496098,32.986487,0.166667,0.268981,0.031847,0.058499,0.124846,0.857566,1.0,0.021353
phase_cued_retrieval,313,rope_relative,rope,10,0.03,0.7,0.6,0.8,0.8,full_batch_adam_three_block_structural_teacher_distillation,"['phase_cued_retrieval', 'exact_offset_passkey', 'tiny_text_fact_qa']","[5, 7, 8, 11, 12, 16, 19]",12,6,18,54,18,6,12,6.479939,1.299775,0.857661,3.021873,20.52971,0.166667,0.384063,0.053266,0.078085,0.088582,0.857661,1.0,0.047907,3.338826,28.186012,0.0,0.206481,0.037482,0.066089,0.066089,0.857661,1.0,0.031024,3.874939,48.179781,0.0,0.111158,0.023123,0.052946,0.052946,0.857661,0.75,0.016202
exact_offset_passkey,313,rope_relative,rope,10,0.03,0.7,0.6,0.8,0.8,full_batch_adam_three_block_structural_teacher_distillation,"['phase_cued_retrieval', 'exact_offset_passkey', 'tiny_text_fact_qa']","[5, 7, 8, 11, 12, 16, 19]",12,6,18,54,18,6,12,6.479939,1.299775,0.857661,2.886989,17.93922,0.333333,0.574603,0.057266,0.069363,0.26397,0.857661,1.0,0.05511,2.930322,18.73366,0.166667,0.472222,0.054286,0.067864,0.132789,0.857661,1.0,0.044746,3.399004,29.93426,0.25,0.421131,0.034727,0.050691,0.199309,0.857661,1.0,0.028977
tiny_text_fact_qa,313,rope_relative,rope,10,0.03,0.7,0.6,0.8,0.8,full_batch_adam_three_block_structural_teacher_distillation,"['phase_cued_retrieval', 'exact_offset_passkey', 'tiny_text_fact_qa']","[5, 7, 8, 11, 12, 16, 19]",12,6,18,54,18,6,12,6.479939,1.299775,0.857661,2.62974,13.870166,0.5,0.710185,0.075191,0.088237,0.411763,0.857661,1.0,0.057056,2.854188,17.360343,0.5,0.7,0.058428,0.067496,0.432504,0.857661,1.0,0.045216,3.085965,21.88858,0.166667,0.461111,0.04694,0.061387,0.105279,0.857661,1.0,0.034179
phase_cued_retrieval,313,phasewrap_bias,phasewrap_bias,10,0.03,0.7,0.6,0.8,0.8,full_batch_adam_three_block_structural_teacher_distillation,"['phase_cued_retrieval', 'exact_offset_passkey', 'tiny_text_fact_qa']","[5, 7, 8, 11, 12, 16, 19]",12,6,18,54,18,6,12,7.677258,0.702848,0.857524,3.655381,38.682242,0.055556,0.142536,0.032353,0.118889,0.063333,0.857524,0.888889,0.019556,3.774988,43.59697,0.0,0.0945,0.027551,0.09243,0.09243,0.857524,1.0,0.014429,4.30475,74.050677,0.0,0.050397,0.015585,0.083,0.083,0.857524,0.416667,0.009665
exact_offset_passkey,313,phasewrap_bias,phasewrap_bias,10,0.03,0.7,0.6,0.8,0.8,full_batch_adam_three_block_structural_teacher_distillation,"['phase_cued_retrieval', 'exact_offset_passkey', 'tiny_text_fact_qa']","[5, 7, 8, 11, 12, 16, 19]",12,6,18,54,18,6,12,7.677258,0.702848,0.857524,3.627371,37.613788,0.0,0.119199,0.031471,0.112477,0.112477,0.857524,1.0,0.019596,3.703963,40.607904,0.0,0.096796,0.026755,0.098752,0.098752,0.857524,1.0,0.014526,4.410213,82.286973,0.0,0.049683,0.013773,0.072702,0.072702,0.857524,1.0,0.009161
tiny_text_fact_qa,313,phasewrap_bias,phasewrap_bias,10,0.03,0.7,0.6,0.8,0.8,full_batch_adam_three_block_structural_teacher_distillation,"['phase_cued_retrieval', 'exact_offset_passkey', 'tiny_text_fact_qa']","[5, 7, 8, 11, 12, 16, 19]",12,6,18,54,18,6,12,7.677258,0.702848,0.857524,3.279105,26.551994,0.055556,0.168163,0.039963,0.138244,0.152854,0.857524,1.0,0.024191,3.54227,34.54524,0.0,0.100389,0.030321,0.112163,0.112163,0.857524,1.0,0.017859,3.697633,40.351681,0.083333,0.148416,0.029969,0.087704,0.108322,0.857524,1.0,0.013291
phase_cued_retrieval,313,phasewrap_adapter,phasewrap_adapter,10,0.03,0.7,0.6,0.8,0.8,full_batch_adam_three_block_structural_teacher_distillation,"['phase_cued_retrieval', 'exact_offset_passkey', 'tiny_text_fact_qa']","[5, 7, 8, 11, 12, 16, 19]",12,6,18,54,18,6,12,7.683397,0.703072,0.857466,3.680177,39.653404,0.055556,0.139997,0.031977,0.114176,0.058621,0.857466,1.0,0.019385,3.81616,45.429401,0.0,0.092544,0.026564,0.089346,0.089346,0.857466,1.0,0.013998,4.350006,77.47895,0.0,0.047979,0.014783,0.084249,0.084249,0.857466,0.416667,0.009157
exact_offset_passkey,313,phasewrap_adapter,phasewrap_adapter,10,0.03,0.7,0.6,0.8,0.8,full_batch_adam_three_block_structural_teacher_distillation,"['phase_cued_retrieval', 'exact_offset_passkey', 'tiny_text_fact_qa']","[5, 7, 8, 11, 12, 16, 19]",12,6,18,54,18,6,12,7.683397,0.703072,0.857466,3.664946,39.054012,0.0,0.102057,0.029758,0.106171,0.106171,0.857466,1.0,0.019759,3.751935,42.603456,0.0,0.086298,0.025259,0.093854,0.093854,0.857466,1.0,0.014731,4.328609,75.838687,0.0,0.050153,0.014628,0.069115,0.069115,0.857466,1.0,0.009879
tiny_text_fact_qa,313,phasewrap_adapter,phasewrap_adapter,10,0.03,0.7,0.6,0.8,0.8,full_batch_adam_three_block_structural_teacher_distillation,"['phase_cued_retrieval', 'exact_offset_passkey', 'tiny_text_fact_qa']","[5, 7, 8, 11, 12, 16, 19]",12,6,18,54,18,6,12,7.683397,0.703072,0.857466,3.372415,29.148828,0.0,0.121995,0.036168,0.125389,0.125389,0.857466,1.0,0.022503,3.626871,37.595003,0.0,0.083505,0.027568,0.10347,0.10347,0.857466,1.0,0.016765,3.778318,43.742408,0.083333,0.140911,0.027357,0.078809,0.122606,0.857466,1.0,0.012493
phase_cued_retrieval,317,no_position,no_position,10,0.03,0.7,0.6,0.8,0.8,full_batch_adam_three_block_structural_teacher_distillation,"['phase_cued_retrieval', 'exact_offset_passkey', 'tiny_text_fact_qa']","[5, 7, 8, 11, 12, 16, 19]",12,6,18,54,18,6,12,6.980327,1.0,0.857652,3.190451,24.299375,0.111111,0.319709,0.042906,0.075291,0.048228,0.857652,1.0,0.037604,3.36497,28.932637,0.166667,0.303571,0.036947,0.063909,0.102758,0.857652,1.0,0.027908,3.758923,42.902212,0.083333,0.184017,0.025804,0.046832,0.036502,0.857652,1.0,0.018636
exact_offset_passkey,317,no_position,no_position,10,0.03,0.7,0.6,0.8,0.8,full_batch_adam_three_block_structural_teacher_distillation,"['phase_cued_retrieval', 'exact_offset_passkey', 'tiny_text_fact_qa']","[5, 7, 8, 11, 12, 16, 19]",12,6,18,54,18,6,12,6.980327,1.0,0.857652,3.183036,24.11988,0.222222,0.371354,0.043672,0.071434,0.174754,0.857652,1.0,0.037315,3.272662,26.381482,0.333333,0.472685,0.041248,0.060979,0.272355,0.857652,1.0,0.028226,3.857392,47.341732,0.0,0.074995,0.021915,0.049969,0.049969,0.857652,1.0,0.018743
tiny_text_fact_qa,317,no_position,no_position,10,0.03,0.7,0.6,0.8,0.8,full_batch_adam_three_block_structural_teacher_distillation,"['phase_cued_retrieval', 'exact_offset_passkey', 'tiny_text_fact_qa']","[5, 7, 8, 11, 12, 16, 19]",12,6,18,54,18,6,12,6.980327,1.0,0.857652,2.908045,18.32095,0.111111,0.354233,0.057964,0.07976,0.142081,0.857652,1.0,0.040866,3.024605,20.585863,0.166667,0.357143,0.053599,0.073095,0.204479,0.857652,1.0,0.031082,3.449387,31.481093,0.166667,0.256124,0.034801,0.058342,0.108324,0.857652,1.0,0.022419
phase_cued_retrieval,317,sinusoidal,sinusoidal,10,0.03,0.7,0.6,0.8,0.8,full_batch_adam_three_block_structural_teacher_distillation,"['phase_cued_retrieval', 'exact_offset_passkey', 'tiny_text_fact_qa']","[5, 7, 8, 11, 12, 16, 19]",12,6,18,54,18,6,12,5.240543,1.299493,0.857786,2.45675,11.666834,0.722222,0.792617,0.095009,0.105774,0.616448,0.857786,1.0,0.095348,2.973416,19.558616,0.333333,0.488961,0.059281,0.086203,0.247131,0.857786,1.0,0.043243,3.532704,34.216347,0.083333,0.180355,0.031507,0.066291,0.017043,0.857786,1.0,0.025241
exact_offset_passkey,317,sinusoidal,sinusoidal,10,0.03,0.7,0.6,0.8,0.8,full_batch_adam_three_block_structural_teacher_distillation,"['phase_cued_retrieval', 'exact_offset_passkey', 'tiny_text_fact_qa']","[5, 7, 8, 11, 12, 16, 19]",12,6,18,54,18,6,12,5.240543,1.299493,0.857786,2.213589,9.148495,1.0,1.0,0.111378,0.111378,0.888622,0.857786,1.0,0.116677,2.399397,11.016529,1.0,1.0,0.091902,0.091902,0.908098,0.857786,1.0,0.090763,2.821792,16.806947,0.25,0.597222,0.060458,0.066067,0.183933,0.857786,1.0,0.062038
tiny_text_fact_qa,317,sinusoidal,sinusoidal,10,0.03,0.7,0.6,0.8,0.8,full_batch_adam_three_block_structural_teacher_distillation,"['phase_cued_retrieval', 'exact_offset_passkey', 'tiny_text_fact_qa']","[5, 7, 8, 11, 12, 16, 19]",12,6,18,54,18,6,12,5.240543,1.299493,0.857786,1.97777,7.226611,1.0,1.0,0.141197,0.141197,0.858803,0.857786,1.0,0.126219,2.163165,8.698625,1.0,1.0,0.116481,0.116481,0.883519,0.857786,1.0,0.099593,2.491247,12.07632,0.916667,0.958333,0.084657,0.08487,0.831797,0.857786,1.0,0.072887
phase_cued_retrieval,317,alibi,alibi,10,0.03,0.7,0.6,0.8,0.8,full_batch_adam_three_block_structural_teacher_distillation,"['phase_cued_retrieval', 'exact_offset_passkey', 'tiny_text_fact_qa']","[5, 7, 8, 11, 12, 16, 19]",12,6,18,54,18,6,12,6.960953,0.720915,0.857649,3.227298,25.211444,0.0,0.192323,0.042217,0.075533,0.075533,0.857649,1.0,0.03591,3.453856,31.62208,0.0,0.183509,0.034653,0.070021,0.070021,0.857649,1.0,0.023143,3.928439,50.827589,0.083333,0.168396,0.021996,0.048486,0.034847,0.857649,1.0,0.015164
exact_offset_passkey,317,alibi,alibi,10,0.03,0.7,0.6,0.8,0.8,full_batch_adam_three_block_structural_teacher_distillation,"['phase_cued_retrieval', 'exact_offset_passkey', 'tiny_text_fact_qa']","[5, 7, 8, 11, 12, 16, 19]",12,6,18,54,18,6,12,6.960953,0.720915,0.857649,3.200271,24.539173,0.055556,0.24299,0.042749,0.078983,0.023427,0.857649,1.0,0.036701,3.283633,26.672511,0.0,0.271465,0.040232,0.068263,0.068263,0.857649,1.0,0.027883,3.871576,48.018016,0.0,0.06978,0.021882,0.05371,0.05371,0.857649,1.0,0.018542
tiny_text_fact_qa,317,alibi,alibi,10,0.03,0.7,0.6,0.8,0.8,full_batch_adam_three_block_structural_teacher_distillation,"['phase_cued_retrieval', 'exact_offset_passkey', 'tiny_text_fact_qa']","[5, 7, 8, 11, 12, 16, 19]",12,6,18,54,18,6,12,6.960953,0.720915,0.857649,2.91761,18.49702,0.111111,0.295543,0.059134,0.087108,0.134275,0.857649,1.0,0.041678,3.041403,20.93459,0.166667,0.321154,0.055081,0.077806,0.207531,0.857649,1.0,0.031051,3.46847,32.087605,0.166667,0.245151,0.034285,0.067543,0.099124,0.857649,1.0,0.02215
phase_cued_retrieval,317,rope_relative,rope,10,0.03,0.7,0.6,0.8,0.8,full_batch_adam_three_block_structural_teacher_distillation,"['phase_cued_retrieval', 'exact_offset_passkey', 'tiny_text_fact_qa']","[5, 7, 8, 11, 12, 16, 19]",12,6,18,54,18,6,12,6.515656,1.29985,0.857708,3.038617,20.876358,0.111111,0.370937,0.050392,0.075247,0.059221,0.857708,1.0,0.04694,3.337679,28.153697,0.166667,0.31559,0.038681,0.068397,0.09827,0.857708,1.0,0.028012,3.861564,47.53964,0.083333,0.173281,0.023842,0.048442,0.034891,0.857708,1.0,0.016551
exact_offset_passkey,317,rope_relative,rope,10,0.03,0.7,0.6,0.8,0.8,full_batch_adam_three_block_structural_teacher_distillation,"['phase_cued_retrieval', 'exact_offset_passkey', 'tiny_text_fact_qa']","[5, 7, 8, 11, 12, 16, 19]",12,6,18,54,18,6,12,6.515656,1.29985,0.857708,2.915536,18.458712,0.277778,0.493981,0.055488,0.074169,0.229419,0.857708,1.0,0.053393,3.017473,20.43957,0.5,0.609722,0.050801,0.061114,0.438886,0.857708,1.0,0.042836,3.500877,33.144505,0.0,0.17209,0.030882,0.048268,0.048268,0.857708,1.0,0.029055
tiny_text_fact_qa,317,rope_relative,rope,10,0.03,0.7,0.6,0.8,0.8,full_batch_adam_three_block_structural_teacher_distillation,"['phase_cued_retrieval', 'exact_offset_passkey', 'tiny_text_fact_qa']","[5, 7, 8, 11, 12, 16, 19]",12,6,18,54,18,6,12,6.515656,1.29985,0.857708,2.706115,14.970993,0.166667,0.464815,0.069263,0.081582,0.085085,0.857708,1.0,0.055574,2.810305,16.614987,0.166667,0.436111,0.063694,0.073937,0.204666,0.857708,1.0,0.044153,3.185469,24.178623,0.166667,0.337004,0.043137,0.058922,0.107745,0.857708,1.0,0.033245
phase_cued_retrieval,317,phasewrap_bias,phasewrap_bias,10,0.03,0.7,0.6,0.8,0.8,full_batch_adam_three_block_structural_teacher_distillation,"['phase_cued_retrieval', 'exact_offset_passkey', 'tiny_text_fact_qa']","[5, 7, 8, 11, 12, 16, 19]",12,6,18,54,18,6,12,7.736723,0.702769,0.8578,3.702251,40.538439,0.0,0.107074,0.027189,0.098065,0.098065,0.8578,0.944444,0.019601,3.914847,50.141414,0.0,0.067987,0.021214,0.082026,0.082026,0.8578,0.833333,0.014389,4.308593,74.335821,0.0,0.050939,0.015497,0.074828,0.074828,0.8578,0.833333,0.009647
exact_offset_passkey,317,phasewrap_bias,phasewrap_bias,10,0.03,0.7,0.6,0.8,0.8,full_batch_adam_three_block_structural_teacher_distillation,"['phase_cued_retrieval', 'exact_offset_passkey', 'tiny_text_fact_qa']","[5, 7, 8, 11, 12, 16, 19]",12,6,18,54,18,6,12,7.736723,0.702769,0.8578,3.763886,43.115651,0.055556,0.134679,0.025427,0.104744,0.067111,0.8578,1.0,0.019041,3.740328,42.111797,0.166667,0.229233,0.028661,0.080668,0.085998,0.8578,1.0,0.01425,4.375214,79.456876,0.0,0.049489,0.014006,0.073136,0.073136,0.8578,1.0,0.009774
tiny_text_fact_qa,317,phasewrap_bias,phasewrap_bias,10,0.03,0.7,0.6,0.8,0.8,full_batch_adam_three_block_structural_teacher_distillation,"['phase_cued_retrieval', 'exact_offset_passkey', 'tiny_text_fact_qa']","[5, 7, 8, 11, 12, 16, 19]",12,6,18,54,18,6,12,7.736723,0.702769,0.8578,3.345038,28.361645,0.055556,0.171598,0.040949,0.124112,0.068556,0.8578,1.0,0.022389,3.308624,27.347465,0.166667,0.294946,0.051221,0.104764,0.142554,0.8578,1.0,0.016813,3.774063,43.55669,0.083333,0.171554,0.031223,0.080525,0.141619,0.8578,1.0,0.012233
phase_cued_retrieval,317,phasewrap_adapter,phasewrap_adapter,10,0.03,0.7,0.6,0.8,0.8,full_batch_adam_three_block_structural_teacher_distillation,"['phase_cued_retrieval', 'exact_offset_passkey', 'tiny_text_fact_qa']","[5, 7, 8, 11, 12, 16, 19]",12,6,18,54,18,6,12,7.688221,0.702853,0.8578,3.705544,40.672161,0.055556,0.132961,0.028027,0.099664,0.044109,0.8578,1.0,0.019551,3.949807,51.925342,0.0,0.062584,0.020653,0.081654,0.081654,0.8578,1.0,0.013658,4.361133,78.345839,0.0,0.049274,0.014889,0.075022,0.075022,0.8578,0.916667,0.009104
exact_offset_passkey,317,phasewrap_adapter,phasewrap_adapter,10,0.03,0.7,0.6,0.8,0.8,full_batch_adam_three_block_structural_teacher_distillation,"['phase_cued_retrieval', 'exact_offset_passkey', 'tiny_text_fact_qa']","[5, 7, 8, 11, 12, 16, 19]",12,6,18,54,18,6,12,7.688221,0.702853,0.8578,3.73702,41.97273,0.055556,0.135501,0.025927,0.106832,0.079611,0.8578,1.0,0.019809,3.710278,40.865154,0.166667,0.229777,0.029266,0.081817,0.122221,0.8578,1.0,0.015121,4.352739,77.690978,0.0,0.050673,0.014197,0.074171,0.074171,0.8578,1.0,0.010277
tiny_text_fact_qa,317,phasewrap_adapter,phasewrap_adapter,10,0.03,0.7,0.6,0.8,0.8,full_batch_adam_three_block_structural_teacher_distillation,"['phase_cued_retrieval', 'exact_offset_passkey', 'tiny_text_fact_qa']","[5, 7, 8, 11, 12, 16, 19]",12,6,18,54,18,6,12,7.688221,0.702853,0.8578,3.327536,27.86959,0.055556,0.175543,0.041725,0.123693,0.068138,0.8578,1.0,0.022867,3.280915,26.600113,0.166667,0.298584,0.052853,0.106695,0.141406,0.8578,1.0,0.017383,3.75041,42.538521,0.083333,0.172328,0.031508,0.081464,0.142731,0.8578,1.0,0.012634
phase_cued_retrieval,331,no_position,no_position,10,0.03,0.7,0.6,0.8,0.8,full_batch_adam_three_block_structural_teacher_distillation,"['phase_cued_retrieval', 'exact_offset_passkey', 'tiny_text_fact_qa']","[5, 7, 8, 11, 12, 16, 19]",12,6,18,54,18,6,12,7.034492,1.0,0.857593,3.158406,23.533052,0.111111,0.359961,0.044143,0.071167,0.063669,0.857593,0.555556,0.03808,3.257547,25.985703,0.0,0.319963,0.040121,0.057761,0.057761,0.857593,0.5,0.028644,3.930427,50.928712,0.0,0.089966,0.021264,0.050689,0.050689,0.857593,0.166667,0.018913
exact_offset_passkey,331,no_position,no_position,10,0.03,0.7,0.6,0.8,0.8,full_batch_adam_three_block_structural_teacher_distillation,"['phase_cued_retrieval', 'exact_offset_passkey', 'tiny_text_fact_qa']","[5, 7, 8, 11, 12, 16, 19]",12,6,18,54,18,6,12,7.034492,1.0,0.857593,3.07002,21.542327,0.166667,0.361861,0.051753,0.071248,0.095419,0.857593,1.0,0.037477,3.314514,27.509031,0.166667,0.305556,0.043882,0.067336,0.198405,0.857593,1.0,0.027681,3.9413,51.485513,0.0,0.067471,0.020391,0.050133,0.050133,0.857593,1.0,0.01887
tiny_text_fact_qa,331,no_position,no_position,10,0.03,0.7,0.6,0.8,0.8,full_batch_adam_three_block_structural_teacher_distillation,"['phase_cued_retrieval', 'exact_offset_passkey', 'tiny_text_fact_qa']","[5, 7, 8, 11, 12, 16, 19]",12,6,18,54,18,6,12,7.034492,1.0,0.857593,3.118683,22.61657,0.055556,0.249361,0.046878,0.075348,0.118948,0.857593,1.0,0.038536,3.411605,30.313849,0.0,0.135582,0.033075,0.063722,0.063722,0.857593,1.0,0.029335,3.469622,32.124593,0.333333,0.408369,0.032743,0.049507,0.283826,0.857593,1.0,0.021087
phase_cued_retrieval,331,sinusoidal,sinusoidal,10,0.03,0.7,0.6,0.8,0.8,full_batch_adam_three_block_structural_teacher_distillation,"['phase_cued_retrieval', 'exact_offset_passkey', 'tiny_text_fact_qa']","[5, 7, 8, 11, 12, 16, 19]",12,6,18,54,18,6,12,5.327751,1.299466,0.857787,2.489634,12.05686,0.611111,0.719557,0.090715,0.103038,0.508073,0.857787,0.833333,0.094049,2.989586,19.877449,0.166667,0.367003,0.054488,0.083269,0.083397,0.857787,0.833333,0.043699,3.664482,39.035915,0.0,0.119518,0.026539,0.063752,0.063752,0.857787,0.666667,0.025098
exact_offset_passkey,331,sinusoidal,sinusoidal,10,0.03,0.7,0.6,0.8,0.8,full_batch_adam_three_block_structural_teacher_distillation,"['phase_cued_retrieval', 'exact_offset_passkey', 'tiny_text_fact_qa']","[5, 7, 8, 11, 12, 16, 19]",12,6,18,54,18,6,12,5.327751,1.299466,0.857787,2.187197,8.910204,1.0,1.0,0.114622,0.114622,0.885378,0.857787,1.0,0.117545,2.388365,10.89567,1.0,1.0,0.093741,0.093741,0.906259,0.857787,1.0,0.09196,2.890966,18.010707,0.333333,0.638889,0.056803,0.066382,0.284321,0.857787,1.0,0.062058
tiny_text_fact_qa,331,sinusoidal,sinusoidal,10,0.03,0.7,0.6,0.8,0.8,full_batch_adam_three_block_structural_teacher_distillation,"['phase_cued_retrieval', 'exact_offset_passkey', 'tiny_text_fact_qa']","[5, 7, 8, 11, 12, 16, 19]",12,6,18,54,18,6,12,5.327751,1.299466,0.857787,2.160393,8.674547,1.0,1.0,0.117329,0.117329,0.882671,0.857787,1.0,0.115679,2.364242,10.635978,1.0,1.0,0.094091,0.094091,0.905909,0.857787,1.0,0.09387,2.631645,13.89661,0.75,0.875,0.073085,0.077716,0.672284,0.857787,1.0,0.066545
phase_cued_retrieval,331,alibi,alibi,10,0.03,0.7,0.6,0.8,0.8,full_batch_adam_three_block_structural_teacher_distillation,"['phase_cued_retrieval', 'exact_offset_passkey', 'tiny_text_fact_qa']","[5, 7, 8, 11, 12, 16, 19]",12,6,18,54,18,6,12,7.008,0.731009,0.857642,3.193835,24.381758,0.055556,0.263028,0.042584,0.070451,0.014896,0.857642,0.777778,0.037605,3.387488,29.591531,0.0,0.230556,0.035144,0.057613,0.057613,0.857642,0.833333,0.024078,4.132528,62.335323,0.083333,0.128169,0.018302,0.052291,0.031042,0.857642,0.666667,0.01463
exact_offset_passkey,331,alibi,alibi,10,0.03,0.7,0.6,0.8,0.8,full_batch_adam_three_block_structural_teacher_distillation,"['phase_cued_retrieval', 'exact_offset_passkey', 'tiny_text_fact_qa']","[5, 7, 8, 11, 12, 16, 19]",12,6,18,54,18,6,12,7.008,0.731009,0.857642,3.128152,22.831752,0.111111,0.28008,0.049348,0.071824,0.060562,0.857642,1.0,0.03798,3.335829,28.10167,0.166667,0.252976,0.042168,0.066096,0.198978,0.857642,1.0,0.029478,4.011903,55.251923,0.0,0.066601,0.01947,0.052648,0.052648,0.857642,1.0,0.017419
tiny_text_fact_qa,331,alibi,alibi,10,0.03,0.7,0.6,0.8,0.8,full_batch_adam_three_block_structural_teacher_distillation,"['phase_cued_retrieval', 'exact_offset_passkey', 'tiny_text_fact_qa']","[5, 7, 8, 11, 12, 16, 19]",12,6,18,54,18,6,12,7.008,0.731009,0.857642,3.144927,23.217986,0.055556,0.221072,0.045993,0.079992,0.100706,0.857642,1.0,0.03786,3.4206,30.587768,0.0,0.123403,0.032855,0.065613,0.065613,0.857642,1.0,0.029682,3.545872,34.669914,0.083333,0.245399,0.030437,0.05039,0.032943,0.857642,1.0,0.019667
phase_cued_retrieval,331,rope_relative,rope,10,0.03,0.7,0.6,0.8,0.8,full_batch_adam_three_block_structural_teacher_distillation,"['phase_cued_retrieval', 'exact_offset_passkey', 'tiny_text_fact_qa']","[5, 7, 8, 11, 12, 16, 19]",12,6,18,54,18,6,12,6.506781,1.299796,0.85769,3.008214,20.251205,0.111111,0.410915,0.051297,0.07258,0.051906,0.85769,0.666667,0.047436,3.263632,26.144319,0.0,0.302189,0.039699,0.057271,0.057271,0.85769,0.666667,0.028507,4.057462,57.827382,0.0,0.089878,0.019621,0.051129,0.051129,0.85769,0.166667,0.016612
exact_offset_passkey,331,rope_relative,rope,10,0.03,0.7,0.6,0.8,0.8,full_batch_adam_three_block_structural_teacher_distillation,"['phase_cued_retrieval', 'exact_offset_passkey', 'tiny_text_fact_qa']","[5, 7, 8, 11, 12, 16, 19]",12,6,18,54,18,6,12,6.506781,1.299796,0.85769,2.79274,16.325692,0.444444,0.615344,0.066116,0.075761,0.368683,0.85769,1.0,0.054048,3.007551,20.237777,0.333333,0.465476,0.057043,0.072221,0.261112,0.85769,1.0,0.041421,3.585932,36.086978,0.0,0.132207,0.028368,0.051056,0.051056,0.85769,1.0,0.029122
tiny_text_fact_qa,331,rope_relative,rope,10,0.03,0.7,0.6,0.8,0.8,full_batch_adam_three_block_structural_teacher_distillation,"['phase_cued_retrieval', 'exact_offset_passkey', 'tiny_text_fact_qa']","[5, 7, 8, 11, 12, 16, 19]",12,6,18,54,18,6,12,6.506781,1.299796,0.85769,2.800602,16.454554,0.166667,0.448677,0.06314,0.080261,0.086405,0.85769,1.0,0.055278,3.056718,21.257673,0.0,0.284921,0.04711,0.069463,0.069463,0.85769,1.0,0.043672,3.15179,23.377873,0.333333,0.503704,0.043875,0.05454,0.278794,0.85769,1.0,0.032852
phase_cued_retrieval,331,phasewrap_bias,phasewrap_bias,10,0.03,0.7,0.6,0.8,0.8,full_batch_adam_three_block_structural_teacher_distillation,"['phase_cued_retrieval', 'exact_offset_passkey', 'tiny_text_fact_qa']","[5, 7, 8, 11, 12, 16, 19]",12,6,18,54,18,6,12,7.570712,0.703298,0.857557,3.496283,32.992599,0.055556,0.157827,0.035649,0.104022,0.053047,0.857557,0.5,0.021587,3.727569,41.577906,0.0,0.069598,0.025183,0.081735,0.081735,0.857557,0.5,0.015431,4.509431,90.870141,0.0,0.039837,0.012008,0.081799,0.081799,0.857557,0.166667,0.009817
exact_offset_passkey,331,phasewrap_bias,phasewrap_bias,10,0.03,0.7,0.6,0.8,0.8,full_batch_adam_three_block_structural_teacher_distillation,"['phase_cued_retrieval', 'exact_offset_passkey', 'tiny_text_fact_qa']","[5, 7, 8, 11, 12, 16, 19]",12,6,18,54,18,6,12,7.570712,0.703298,0.857557,3.454463,31.641298,0.0,0.140214,0.037335,0.119481,0.119481,0.857557,1.0,0.020684,3.725712,41.500778,0.0,0.102102,0.03008,0.114721,0.114721,0.857557,1.0,0.015317,4.682946,108.087981,0.0,0.035077,0.009769,0.081765,0.081765,0.857557,1.0,0.009536
tiny_text_fact_qa,331,phasewrap_bias,phasewrap_bias,10,0.03,0.7,0.6,0.8,0.8,full_batch_adam_three_block_structural_teacher_distillation,"['phase_cued_retrieval', 'exact_offset_passkey', 'tiny_text_fact_qa']","[5, 7, 8, 11, 12, 16, 19]",12,6,18,54,18,6,12,7.570712,0.703298,0.857557,3.283746,26.675507,0.055556,0.165427,0.047623,0.132097,0.137443,0.857557,1.0,0.024252,3.579141,35.842745,0.0,0.094213,0.028794,0.099949,0.099949,0.857557,1.0,0.019035,3.808498,45.082674,0.0,0.081003,0.023454,0.112476,0.112476,0.857557,1.0,0.012171
phase_cued_retrieval,331,phasewrap_adapter,phasewrap_adapter,10,0.03,0.7,0.6,0.8,0.8,full_batch_adam_three_block_structural_teacher_distillation,"['phase_cued_retrieval', 'exact_offset_passkey', 'tiny_text_fact_qa']","[5, 7, 8, 11, 12, 16, 19]",12,6,18,54,18,6,12,7.593762,0.703389,0.857526,3.558296,35.103323,0.055556,0.137341,0.033184,0.101078,0.05502,0.857526,0.555556,0.021159,3.808688,45.091258,0.0,0.065732,0.023189,0.076429,0.076429,0.857526,0.5,0.01459,4.556181,95.219178,0.0,0.038409,0.011662,0.077594,0.077594,0.857526,0.25,0.009255
exact_offset_passkey,331,phasewrap_adapter,phasewrap_adapter,10,0.03,0.7,0.6,0.8,0.8,full_batch_adam_three_block_structural_teacher_distillation,"['phase_cued_retrieval', 'exact_offset_passkey', 'tiny_text_fact_qa']","[5, 7, 8, 11, 12, 16, 19]",12,6,18,54,18,6,12,7.593762,0.703389,0.857526,3.472294,32.210554,0.0,0.117208,0.036303,0.11193,0.11193,0.857526,1.0,0.021187,3.701716,40.516763,0.0,0.095176,0.030223,0.10133,0.10133,0.857526,1.0,0.016093,4.616675,101.157169,0.0,0.035558,0.010233,0.076969,0.076969,0.857526,1.0,0.010059
tiny_text_fact_qa,331,phasewrap_adapter,phasewrap_adapter,10,0.03,0.7,0.6,0.8,0.8,full_batch_adam_three_block_structural_teacher_distillation,"['phase_cued_retrieval', 'exact_offset_passkey', 'tiny_text_fact_qa']","[5, 7, 8, 11, 12, 16, 19]",12,6,18,54,18,6,12,7.593762,0.703389,0.857526,3.422125,30.634431,0.055556,0.154621,0.041051,0.122582,0.154602,0.857526,1.0,0.022893,3.725609,41.496507,0.0,0.081184,0.024769,0.092597,0.092597,0.857526,1.0,0.017785,3.926569,50.732625,0.0,0.069417,0.020624,0.10092,0.10092,0.857526,1.0,0.011791
