task,seed,method,stage10_method_alias,epochs,learning_rate,support_aux_weight,target_attention_aux_weight,teacher_distillation_weight,optimizer,training_tasks,support_classes,task_train_row_count,multitask_train_row_count,train_row_count,validation_row_count,test_row_count,final_training_loss,learned_position_scale,learned_copy_gate,train_loss,train_perplexity,train_top1_accuracy,train_mrr,train_mean_target_probability,train_mean_top1_confidence,train_expected_calibration_error,train_mean_copy_gate,train_support_accuracy,train_mean_target_attention,validation_loss,validation_perplexity,validation_top1_accuracy,validation_mrr,validation_mean_target_probability,validation_mean_top1_confidence,validation_expected_calibration_error,validation_mean_copy_gate,validation_support_accuracy,validation_mean_target_attention,test_loss,test_perplexity,test_top1_accuracy,test_mrr,test_mean_target_probability,test_mean_top1_confidence,test_expected_calibration_error,test_mean_copy_gate,test_support_accuracy,test_mean_target_attention
phase_cued_retrieval,307,no_position,no_position,10,0.03,0.7,0.6,0.8,full_batch_adam_three_block_structural_teacher_distillation,"['phase_cued_retrieval', 'exact_offset_passkey', 'tiny_text_fact_qa']","[5, 7, 8, 11, 12, 16, 19]",12,36,12,6,12,6.100915,1.0,0.857612,2.798742,16.423968,0.333333,0.483036,0.077358,0.092155,0.241178,0.857612,0.666667,0.051617,3.616487,37.206627,0.166667,0.254903,0.030957,0.068424,0.098242,0.857612,0.0,0.023915,3.836906,46.381746,0.0,0.151171,0.02437,0.059227,0.059227,0.857612,0.25,0.018009
exact_offset_passkey,307,no_position,no_position,10,0.03,0.7,0.6,0.8,full_batch_adam_three_block_structural_teacher_distillation,"['phase_cued_retrieval', 'exact_offset_passkey', 'tiny_text_fact_qa']","[5, 7, 8, 11, 12, 16, 19]",12,36,12,6,12,6.100915,1.0,0.857612,2.831507,16.971018,0.166667,0.385764,0.064626,0.083699,0.169605,0.857612,1.0,0.047913,3.637135,37.982846,0.0,0.090454,0.026793,0.066286,0.066286,0.857612,1.0,0.022884,3.755778,42.76749,0.25,0.321949,0.0288,0.05766,0.19234,0.857612,1.0,0.018706
tiny_text_fact_qa,307,no_position,no_position,10,0.03,0.7,0.6,0.8,full_batch_adam_three_block_structural_teacher_distillation,"['phase_cued_retrieval', 'exact_offset_passkey', 'tiny_text_fact_qa']","[5, 7, 8, 11, 12, 16, 19]",12,36,12,6,12,6.100915,1.0,0.857612,2.646463,14.104065,0.25,0.497917,0.074092,0.100887,0.149113,0.857612,1.0,0.057524,3.135734,23.005526,0.166667,0.368056,0.044407,0.072984,0.093683,0.857612,1.0,0.034284,3.298915,27.083241,0.083333,0.319444,0.03946,0.065192,0.035167,0.857612,1.0,0.026133
phase_cued_retrieval,307,sinusoidal,sinusoidal,10,0.03,0.7,0.6,0.8,full_batch_adam_three_block_structural_teacher_distillation,"['phase_cued_retrieval', 'exact_offset_passkey', 'tiny_text_fact_qa']","[5, 7, 8, 11, 12, 16, 19]",12,36,12,6,12,4.291772,1.2992,0.857793,1.978133,7.229233,0.916667,0.930556,0.153183,0.155741,0.760925,0.857793,0.916667,0.143759,3.240552,25.54783,0.166667,0.262341,0.046384,0.080082,0.208996,0.857793,0.5,0.045848,3.65738,38.759643,0.0,0.117353,0.027064,0.07378,0.07378,0.857793,0.416667,0.024526
exact_offset_passkey,307,sinusoidal,sinusoidal,10,0.03,0.7,0.6,0.8,full_batch_adam_three_block_structural_teacher_distillation,"['phase_cued_retrieval', 'exact_offset_passkey', 'tiny_text_fact_qa']","[5, 7, 8, 11, 12, 16, 19]",12,36,12,6,12,4.291772,1.2992,0.857793,1.900509,6.6893,1.0,1.0,0.15745,0.15745,0.84255,0.857793,1.0,0.146189,2.680369,14.590476,0.5,0.680556,0.06884,0.085023,0.4551,0.857793,1.0,0.07261,2.885659,17.915371,0.416667,0.652778,0.057627,0.07204,0.344626,0.857793,1.0,0.058138
tiny_text_fact_qa,307,sinusoidal,sinusoidal,10,0.03,0.7,0.6,0.8,full_batch_adam_three_block_structural_teacher_distillation,"['phase_cued_retrieval', 'exact_offset_passkey', 'tiny_text_fact_qa']","[5, 7, 8, 11, 12, 16, 19]",12,36,12,6,12,4.291772,1.2992,0.857793,1.678044,5.355073,1.0,1.0,0.191471,0.191471,0.808529,0.857793,1.0,0.169402,2.104214,8.200652,1.0,1.0,0.122862,0.122862,0.877138,0.857793,1.0,0.112115,2.321917,10.1952,0.833333,0.916667,0.100507,0.101776,0.731557,0.857793,1.0,0.084398
phase_cued_retrieval,307,alibi,alibi,10,0.03,0.7,0.6,0.8,full_batch_adam_three_block_structural_teacher_distillation,"['phase_cued_retrieval', 'exact_offset_passkey', 'tiny_text_fact_qa']","[5, 7, 8, 11, 12, 16, 19]",12,36,12,6,12,6.010647,1.26614,0.857605,2.826075,16.879082,0.25,0.398394,0.080296,0.102931,0.147069,0.857605,0.583333,0.047977,3.813802,45.322437,0.0,0.129342,0.025824,0.07013,0.07013,0.857605,0.0,0.020615,4.168178,64.59766,0.0,0.066736,0.018478,0.065579,0.065579,0.857605,0.166667,0.011814
exact_offset_passkey,307,alibi,alibi,10,0.03,0.7,0.6,0.8,full_batch_adam_three_block_structural_teacher_distillation,"['phase_cued_retrieval', 'exact_offset_passkey', 'tiny_text_fact_qa']","[5, 7, 8, 11, 12, 16, 19]",12,36,12,6,12,6.010647,1.26614,0.857605,2.72877,15.314039,0.25,0.439248,0.073493,0.095425,0.154575,0.857605,1.0,0.0521,3.68111,39.690428,0.0,0.113175,0.027857,0.073182,0.073182,0.857605,1.0,0.022377,3.998606,54.522111,0.083333,0.167167,0.023253,0.066616,0.035814,0.857605,1.0,0.015661
tiny_text_fact_qa,307,alibi,alibi,10,0.03,0.7,0.6,0.8,full_batch_adam_three_block_structural_teacher_distillation,"['phase_cued_retrieval', 'exact_offset_passkey', 'tiny_text_fact_qa']","[5, 7, 8, 11, 12, 16, 19]",12,36,12,6,12,6.010647,1.26614,0.857605,2.429304,11.350979,0.25,0.527778,0.091378,0.123047,0.126953,0.857605,1.0,0.065011,3.074382,21.636515,0.166667,0.305429,0.050386,0.084171,0.120937,0.857605,1.0,0.032351,3.235885,25.428876,0.166667,0.309499,0.045035,0.079392,0.087275,0.857605,1.0,0.024108
phase_cued_retrieval,307,rope_relative,rope,10,0.03,0.7,0.6,0.8,full_batch_adam_three_block_structural_teacher_distillation,"['phase_cued_retrieval', 'exact_offset_passkey', 'tiny_text_fact_qa']","[5, 7, 8, 11, 12, 16, 19]",12,36,12,6,12,5.547224,1.29966,0.857691,2.583206,13.239515,0.583333,0.683333,0.090118,0.098613,0.48472,0.857691,0.75,0.07167,3.568859,35.476093,0.166667,0.23168,0.032722,0.070837,0.095829,0.857691,0.0,0.026299,3.980672,53.552996,0.0,0.108406,0.021538,0.059301,0.059301,0.857691,0.25,0.015189
exact_offset_passkey,307,rope_relative,rope,10,0.03,0.7,0.6,0.8,full_batch_adam_three_block_structural_teacher_distillation,"['phase_cued_retrieval', 'exact_offset_passkey', 'tiny_text_fact_qa']","[5, 7, 8, 11, 12, 16, 19]",12,36,12,6,12,5.547224,1.29966,0.857691,2.503511,12.225346,0.75,0.85,0.089098,0.096205,0.653795,0.857691,1.0,0.07067,3.315599,27.538885,0.0,0.192063,0.036464,0.072002,0.072002,0.857691,1.0,0.034257,3.475145,32.302518,0.166667,0.31844,0.03391,0.054257,0.11241,0.857691,1.0,0.028145
tiny_text_fact_qa,307,rope_relative,rope,10,0.03,0.7,0.6,0.8,full_batch_adam_three_block_structural_teacher_distillation,"['phase_cued_retrieval', 'exact_offset_passkey', 'tiny_text_fact_qa']","[5, 7, 8, 11, 12, 16, 19]",12,36,12,6,12,5.547224,1.29966,0.857691,2.336128,10.341123,0.666667,0.819444,0.100252,0.107424,0.559243,0.857691,1.0,0.083722,2.771923,15.989359,0.333333,0.569444,0.063354,0.074597,0.258736,0.857691,1.0,0.054244,2.927341,18.677892,0.333333,0.579167,0.055343,0.065132,0.285012,0.857691,1.0,0.043196
phase_cued_retrieval,307,phasewrap_bias,phasewrap_bias,10,0.03,0.7,0.6,0.8,full_batch_adam_three_block_structural_teacher_distillation,"['phase_cued_retrieval', 'exact_offset_passkey', 'tiny_text_fact_qa']","[5, 7, 8, 11, 12, 16, 19]",12,36,12,6,12,6.702801,0.703842,0.857755,3.071271,21.569291,0.166667,0.327579,0.059627,0.119493,0.103507,0.857755,0.666667,0.032631,4.113379,61.153024,0.0,0.097258,0.021658,0.120519,0.120519,0.857755,0.166667,0.011898,4.259664,70.78619,0.0,0.070459,0.01814,0.08704,0.08704,0.857755,0.25,0.009404
exact_offset_passkey,307,phasewrap_bias,phasewrap_bias,10,0.03,0.7,0.6,0.8,full_batch_adam_three_block_structural_teacher_distillation,"['phase_cued_retrieval', 'exact_offset_passkey', 'tiny_text_fact_qa']","[5, 7, 8, 11, 12, 16, 19]",12,36,12,6,12,6.702801,0.703842,0.857755,3.204308,24.638452,0.25,0.323614,0.050587,0.123019,0.126981,0.857755,1.0,0.027403,4.048961,57.337878,0.0,0.071159,0.020364,0.11303,0.11303,0.857755,1.0,0.013633,4.297386,73.507421,0.083333,0.129942,0.019529,0.075121,0.025571,0.857755,1.0,0.008879
tiny_text_fact_qa,307,phasewrap_bias,phasewrap_bias,10,0.03,0.7,0.6,0.8,full_batch_adam_three_block_structural_teacher_distillation,"['phase_cued_retrieval', 'exact_offset_passkey', 'tiny_text_fact_qa']","[5, 7, 8, 11, 12, 16, 19]",12,36,12,6,12,6.702801,0.703842,0.857755,2.937033,18.859803,0.166667,0.306617,0.057563,0.142108,0.128273,0.857755,1.0,0.0376,3.689326,40.017885,0.0,0.085284,0.025889,0.110028,0.110028,0.857755,1.0,0.018508,3.83987,46.519426,0.0,0.082626,0.022856,0.107063,0.107063,0.857755,1.0,0.014198
phase_cued_retrieval,307,phasewrap_adapter,phasewrap_adapter,10,0.03,0.7,0.6,0.8,full_batch_adam_three_block_structural_teacher_distillation,"['phase_cued_retrieval', 'exact_offset_passkey', 'tiny_text_fact_qa']","[5, 7, 8, 11, 12, 16, 19]",12,36,12,6,12,6.60589,0.704128,0.857799,3.008239,20.251705,0.166667,0.344957,0.06304,0.120177,0.087682,0.857799,0.666667,0.034908,4.122907,61.738483,0.0,0.124764,0.021756,0.130712,0.130712,0.857799,0.166667,0.01175,4.254223,70.402118,0.0,0.068692,0.017963,0.083525,0.083525,0.857799,0.25,0.009034
exact_offset_passkey,307,phasewrap_adapter,phasewrap_adapter,10,0.03,0.7,0.6,0.8,full_batch_adam_three_block_structural_teacher_distillation,"['phase_cued_retrieval', 'exact_offset_passkey', 'tiny_text_fact_qa']","[5, 7, 8, 11, 12, 16, 19]",12,36,12,6,12,6.60589,0.704128,0.857799,3.131285,22.903397,0.25,0.331972,0.054029,0.125621,0.124379,0.857799,1.0,0.029261,4.036337,56.618564,0.0,0.070262,0.020508,0.109974,0.109974,0.857799,1.0,0.014489,4.265853,71.225636,0.083333,0.129822,0.019668,0.076126,0.024073,0.857799,1.0,0.009382
tiny_text_fact_qa,307,phasewrap_adapter,phasewrap_adapter,10,0.03,0.7,0.6,0.8,full_batch_adam_three_block_structural_teacher_distillation,"['phase_cued_retrieval', 'exact_offset_passkey', 'tiny_text_fact_qa']","[5, 7, 8, 11, 12, 16, 19]",12,36,12,6,12,6.60589,0.704128,0.857799,2.909331,18.344529,0.166667,0.318323,0.059832,0.147776,0.132419,0.857799,1.0,0.038886,3.681372,39.700813,0.0,0.085043,0.025975,0.10909,0.10909,0.857799,1.0,0.019152,3.813207,45.295487,0.0,0.085404,0.023241,0.106626,0.106626,0.857799,1.0,0.014827
phase_cued_retrieval,311,no_position,no_position,10,0.03,0.7,0.6,0.8,full_batch_adam_three_block_structural_teacher_distillation,"['phase_cued_retrieval', 'exact_offset_passkey', 'tiny_text_fact_qa']","[5, 7, 8, 11, 12, 16, 19]",12,36,12,6,12,6.289291,1.0,0.857667,3.075397,21.65848,0.083333,0.317593,0.049575,0.079382,0.045686,0.857667,1.0,0.044164,3.67348,39.388732,0.166667,0.209264,0.026808,0.052501,0.114165,0.857667,1.0,0.02555,3.781897,43.899226,0.0,0.103476,0.023605,0.049156,0.049156,0.857667,1.0,0.018489
exact_offset_passkey,311,no_position,no_position,10,0.03,0.7,0.6,0.8,full_batch_adam_three_block_structural_teacher_distillation,"['phase_cued_retrieval', 'exact_offset_passkey', 'tiny_text_fact_qa']","[5, 7, 8, 11, 12, 16, 19]",12,36,12,6,12,6.289291,1.0,0.857667,3.007611,20.238986,0.083333,0.295175,0.05272,0.079968,0.126136,0.857667,1.0,0.043375,3.612862,37.072002,0.0,0.085315,0.027389,0.059253,0.059253,0.857667,1.0,0.025831,3.928871,50.849519,0.083333,0.130954,0.020673,0.04839,0.034943,0.857667,1.0,0.01864
tiny_text_fact_qa,311,no_position,no_position,10,0.03,0.7,0.6,0.8,full_batch_adam_three_block_structural_teacher_distillation,"['phase_cued_retrieval', 'exact_offset_passkey', 'tiny_text_fact_qa']","[5, 7, 8, 11, 12, 16, 19]",12,36,12,6,12,6.289291,1.0,0.857667,2.513618,12.349524,0.5,0.657738,0.086181,0.095766,0.404234,0.857667,1.0,0.057711,2.74244,15.524812,0.5,0.7,0.067974,0.073253,0.426747,0.857667,1.0,0.036535,3.071625,21.576927,0.416667,0.529398,0.051411,0.064136,0.352531,0.857667,1.0,0.025322
phase_cued_retrieval,311,sinusoidal,sinusoidal,10,0.03,0.7,0.6,0.8,full_batch_adam_three_block_structural_teacher_distillation,"['phase_cued_retrieval', 'exact_offset_passkey', 'tiny_text_fact_qa']","[5, 7, 8, 11, 12, 16, 19]",12,36,12,6,12,4.482047,1.29943,0.857805,2.08635,8.055457,0.916667,0.958333,0.128461,0.129116,0.787551,0.857805,1.0,0.133017,3.237456,25.468858,0.166667,0.309933,0.044721,0.081861,0.084806,0.857805,1.0,0.048876,3.554396,34.966681,0.0,0.133344,0.030174,0.065788,0.065788,0.857805,0.833333,0.024819
exact_offset_passkey,311,sinusoidal,sinusoidal,10,0.03,0.7,0.6,0.8,full_batch_adam_three_block_structural_teacher_distillation,"['phase_cued_retrieval', 'exact_offset_passkey', 'tiny_text_fact_qa']","[5, 7, 8, 11, 12, 16, 19]",12,36,12,6,12,4.482047,1.29943,0.857805,2.079831,8.003117,1.0,1.0,0.126372,0.126372,0.873628,0.857805,1.0,0.134684,2.599851,13.461731,0.833333,0.916667,0.074764,0.076193,0.75714,0.857805,1.0,0.082748,2.902317,18.216309,0.416667,0.659722,0.055579,0.062642,0.354024,0.857805,1.0,0.060202
tiny_text_fact_qa,311,sinusoidal,sinusoidal,10,0.03,0.7,0.6,0.8,full_batch_adam_three_block_structural_teacher_distillation,"['phase_cued_retrieval', 'exact_offset_passkey', 'tiny_text_fact_qa']","[5, 7, 8, 11, 12, 16, 19]",12,36,12,6,12,4.482047,1.29943,0.857805,2.072454,7.944293,0.833333,0.916667,0.128217,0.128591,0.720515,0.857805,1.0,0.131174,2.336373,10.34365,0.833333,0.916667,0.09813,0.101703,0.731631,0.857805,1.0,0.092193,2.57869,13.179861,0.833333,0.902778,0.079496,0.081913,0.75142,0.857805,1.0,0.066775
phase_cued_retrieval,311,alibi,alibi,10,0.03,0.7,0.6,0.8,full_batch_adam_three_block_structural_teacher_distillation,"['phase_cued_retrieval', 'exact_offset_passkey', 'tiny_text_fact_qa']","[5, 7, 8, 11, 12, 16, 19]",12,36,12,6,12,6.320913,1.055198,0.85765,3.079178,21.740526,0.0,0.194012,0.048127,0.085377,0.085377,0.85765,1.0,0.047,3.864239,47.666992,0.166667,0.197641,0.02359,0.050459,0.116208,0.85765,1.0,0.020263,4.028839,56.195603,0.0,0.058552,0.018831,0.056399,0.056399,0.85765,1.0,0.013289
exact_offset_passkey,311,alibi,alibi,10,0.03,0.7,0.6,0.8,full_batch_adam_three_block_structural_teacher_distillation,"['phase_cued_retrieval', 'exact_offset_passkey', 'tiny_text_fact_qa']","[5, 7, 8, 11, 12, 16, 19]",12,36,12,6,12,6.320913,1.055198,0.85765,3.115989,22.55572,0.0,0.196091,0.047697,0.086425,0.086425,0.85765,1.0,0.04105,3.810241,45.161317,0.0,0.066833,0.023153,0.06057,0.06057,0.85765,1.0,0.02289,3.975291,53.265631,0.0,0.0905,0.020078,0.053556,0.053556,0.85765,1.0,0.018995
tiny_text_fact_qa,311,alibi,alibi,10,0.03,0.7,0.6,0.8,full_batch_adam_three_block_structural_teacher_distillation,"['phase_cued_retrieval', 'exact_offset_passkey', 'tiny_text_fact_qa']","[5, 7, 8, 11, 12, 16, 19]",12,36,12,6,12,6.320913,1.055198,0.85765,2.864874,17.546834,0.083333,0.26015,0.061469,0.093736,0.083463,0.85765,1.0,0.046551,3.080788,21.775562,0.166667,0.346296,0.049487,0.068827,0.09784,0.85765,1.0,0.028775,3.303497,27.207614,0.25,0.402502,0.04261,0.060106,0.189894,0.85765,1.0,0.022215
phase_cued_retrieval,311,rope_relative,rope,10,0.03,0.7,0.6,0.8,full_batch_adam_three_block_structural_teacher_distillation,"['phase_cued_retrieval', 'exact_offset_passkey', 'tiny_text_fact_qa']","[5, 7, 8, 11, 12, 16, 19]",12,36,12,6,12,5.835101,1.29983,0.857726,2.790954,16.296552,0.333333,0.515278,0.063975,0.077654,0.255679,0.857726,0.916667,0.062268,3.629111,37.679293,0.0,0.15184,0.028401,0.052385,0.052385,0.857726,1.0,0.028182,3.898877,49.347022,0.0,0.073151,0.021184,0.0523,0.0523,0.857726,0.75,0.016147
exact_offset_passkey,311,rope_relative,rope,10,0.03,0.7,0.6,0.8,full_batch_adam_three_block_structural_teacher_distillation,"['phase_cued_retrieval', 'exact_offset_passkey', 'tiny_text_fact_qa']","[5, 7, 8, 11, 12, 16, 19]",12,36,12,6,12,5.835101,1.29983,0.857726,2.782889,16.165663,0.416667,0.636905,0.06389,0.075688,0.340979,0.857726,1.0,0.060124,3.318679,27.623827,0.0,0.236772,0.036961,0.060112,0.060112,0.857726,1.0,0.037382,3.563276,35.278584,0.083333,0.206024,0.029045,0.048285,0.035048,0.857726,1.0,0.028719
tiny_text_fact_qa,311,rope_relative,rope,10,0.03,0.7,0.6,0.8,full_batch_adam_three_block_structural_teacher_distillation,"['phase_cued_retrieval', 'exact_offset_passkey', 'tiny_text_fact_qa']","[5, 7, 8, 11, 12, 16, 19]",12,36,12,6,12,5.835101,1.29983,0.857726,2.700532,14.887648,0.083333,0.363194,0.069661,0.087628,0.116565,0.857726,1.0,0.062225,2.881373,17.838755,0.333333,0.583333,0.057139,0.066457,0.266877,0.857726,1.0,0.043943,3.120116,22.649014,0.416667,0.541071,0.046923,0.054517,0.36215,0.857726,1.0,0.032819
phase_cued_retrieval,311,phasewrap_bias,phasewrap_bias,10,0.03,0.7,0.6,0.8,full_batch_adam_three_block_structural_teacher_distillation,"['phase_cued_retrieval', 'exact_offset_passkey', 'tiny_text_fact_qa']","[5, 7, 8, 11, 12, 16, 19]",12,36,12,6,12,7.190494,0.702725,0.857754,3.674631,39.434107,0.0,0.101624,0.027325,0.123468,0.123468,0.857754,0.75,0.024367,4.294426,73.290121,0.0,0.047661,0.014024,0.088592,0.088592,0.857754,0.833333,0.013177,4.271707,71.643816,0.0,0.052633,0.015995,0.074425,0.074425,0.857754,1.0,0.009565
exact_offset_passkey,311,phasewrap_bias,phasewrap_bias,10,0.03,0.7,0.6,0.8,full_batch_adam_three_block_structural_teacher_distillation,"['phase_cued_retrieval', 'exact_offset_passkey', 'tiny_text_fact_qa']","[5, 7, 8, 11, 12, 16, 19]",12,36,12,6,12,7.190494,0.702725,0.857754,3.539186,34.438884,0.0,0.109543,0.032278,0.114056,0.114056,0.857754,1.0,0.023445,4.111788,61.055773,0.0,0.077044,0.021787,0.084515,0.084515,0.857754,1.0,0.012941,4.444898,85.191224,0.0,0.047361,0.014031,0.07751,0.07751,0.857754,1.0,0.009486
tiny_text_fact_qa,311,phasewrap_bias,phasewrap_bias,10,0.03,0.7,0.6,0.8,full_batch_adam_three_block_structural_teacher_distillation,"['phase_cued_retrieval', 'exact_offset_passkey', 'tiny_text_fact_qa']","[5, 7, 8, 11, 12, 16, 19]",12,36,12,6,12,7.190494,0.702725,0.857754,3.522654,33.874224,0.0,0.104613,0.033429,0.104708,0.104708,0.857754,1.0,0.022764,3.538238,34.40625,0.0,0.1508,0.035579,0.0825,0.0825,0.857754,1.0,0.015879,3.918187,50.309151,0.0,0.076922,0.023193,0.077884,0.077884,0.857754,1.0,0.011122
phase_cued_retrieval,311,phasewrap_adapter,phasewrap_adapter,10,0.03,0.7,0.6,0.8,full_batch_adam_three_block_structural_teacher_distillation,"['phase_cued_retrieval', 'exact_offset_passkey', 'tiny_text_fact_qa']","[5, 7, 8, 11, 12, 16, 19]",12,36,12,6,12,7.145145,0.7029,0.857733,3.672957,39.368165,0.0,0.099904,0.027112,0.124269,0.124269,0.857733,0.75,0.02474,4.314133,74.748751,0.0,0.045797,0.013883,0.08683,0.08683,0.857733,0.833333,0.012908,4.301533,73.81286,0.0,0.050382,0.015584,0.07363,0.07363,0.857733,1.0,0.009135
exact_offset_passkey,311,phasewrap_adapter,phasewrap_adapter,10,0.03,0.7,0.6,0.8,full_batch_adam_three_block_structural_teacher_distillation,"['phase_cued_retrieval', 'exact_offset_passkey', 'tiny_text_fact_qa']","[5, 7, 8, 11, 12, 16, 19]",12,36,12,6,12,7.145145,0.7029,0.857733,3.535444,34.310239,0.0,0.106124,0.032008,0.114873,0.114873,0.857733,1.0,0.024086,4.076781,58.955378,0.0,0.080083,0.022123,0.083805,0.083805,0.857733,1.0,0.013681,4.400527,81.493779,0.0,0.05087,0.014598,0.076591,0.076591,0.857733,1.0,0.010033
tiny_text_fact_qa,311,phasewrap_adapter,phasewrap_adapter,10,0.03,0.7,0.6,0.8,full_batch_adam_three_block_structural_teacher_distillation,"['phase_cued_retrieval', 'exact_offset_passkey', 'tiny_text_fact_qa']","[5, 7, 8, 11, 12, 16, 19]",12,36,12,6,12,7.145145,0.7029,0.857733,3.464538,31.961698,0.0,0.112647,0.035038,0.105002,0.105002,0.857733,1.0,0.023337,3.487754,32.712394,0.0,0.155114,0.036726,0.082051,0.082051,0.857733,1.0,0.016351,3.876245,48.242722,0.0,0.074556,0.02392,0.078218,0.078218,0.857733,1.0,0.011461
phase_cued_retrieval,313,no_position,no_position,10,0.03,0.7,0.6,0.8,full_batch_adam_three_block_structural_teacher_distillation,"['phase_cued_retrieval', 'exact_offset_passkey', 'tiny_text_fact_qa']","[5, 7, 8, 11, 12, 16, 19]",12,36,12,6,12,6.439231,1.0,0.857614,3.1669,23.733797,0.083333,0.281052,0.045501,0.082321,0.121857,0.857614,1.0,0.042264,3.587117,36.129772,0.0,0.104318,0.029486,0.061848,0.061848,0.857614,0.833333,0.025145,3.768041,43.295165,0.0,0.120432,0.024697,0.049797,0.049797,0.857614,1.0,0.018458
exact_offset_passkey,313,no_position,no_position,10,0.03,0.7,0.6,0.8,full_batch_adam_three_block_structural_teacher_distillation,"['phase_cued_retrieval', 'exact_offset_passkey', 'tiny_text_fact_qa']","[5, 7, 8, 11, 12, 16, 19]",12,36,12,6,12,6.439231,1.0,0.857614,3.094166,22.068814,0.083333,0.304365,0.048317,0.070382,0.135776,0.857614,1.0,0.043494,3.43538,31.043211,0.0,0.238657,0.034232,0.060476,0.060476,0.857614,1.0,0.025832,3.749702,42.508416,0.0,0.153891,0.025491,0.049252,0.049252,0.857614,1.0,0.018278
tiny_text_fact_qa,313,no_position,no_position,10,0.03,0.7,0.6,0.8,full_batch_adam_three_block_structural_teacher_distillation,"['phase_cued_retrieval', 'exact_offset_passkey', 'tiny_text_fact_qa']","[5, 7, 8, 11, 12, 16, 19]",12,36,12,6,12,6.439231,1.0,0.857614,2.784896,16.198141,0.083333,0.400794,0.064691,0.082788,0.106823,0.857614,1.0,0.045967,3.206935,24.703261,0.166667,0.318056,0.042093,0.059801,0.106865,0.857614,1.0,0.030588,3.473912,32.262717,0.083333,0.232047,0.032496,0.052364,0.03097,0.857614,1.0,0.022211
phase_cued_retrieval,313,sinusoidal,sinusoidal,10,0.03,0.7,0.6,0.8,full_batch_adam_three_block_structural_teacher_distillation,"['phase_cued_retrieval', 'exact_offset_passkey', 'tiny_text_fact_qa']","[5, 7, 8, 11, 12, 16, 19]",12,36,12,6,12,4.55052,1.299377,0.857789,2.199208,9.017868,0.833333,0.884259,0.117734,0.12517,0.708163,0.857789,1.0,0.127176,3.139181,23.084963,0.333333,0.430556,0.049568,0.078752,0.254581,0.857789,0.833333,0.049042,3.458841,31.780119,0.083333,0.19533,0.033634,0.061857,0.021476,0.857789,0.916667,0.025669
exact_offset_passkey,313,sinusoidal,sinusoidal,10,0.03,0.7,0.6,0.8,full_batch_adam_three_block_structural_teacher_distillation,"['phase_cued_retrieval', 'exact_offset_passkey', 'tiny_text_fact_qa']","[5, 7, 8, 11, 12, 16, 19]",12,36,12,6,12,4.55052,1.299377,0.857789,2.10227,8.184731,1.0,1.0,0.123309,0.123309,0.876691,0.857789,1.0,0.136912,2.486697,12.021498,0.833333,0.888889,0.084609,0.087477,0.745856,0.857789,1.0,0.081454,2.771175,15.977393,0.583333,0.736111,0.064892,0.073005,0.510328,0.857789,1.0,0.059841
tiny_text_fact_qa,313,sinusoidal,sinusoidal,10,0.03,0.7,0.6,0.8,full_batch_adam_three_block_structural_teacher_distillation,"['phase_cued_retrieval', 'exact_offset_passkey', 'tiny_text_fact_qa']","[5, 7, 8, 11, 12, 16, 19]",12,36,12,6,12,4.55052,1.299377,0.857789,1.995123,7.353111,1.0,1.0,0.137724,0.137724,0.862276,0.857789,1.0,0.129219,2.343872,10.421512,0.833333,0.916667,0.097003,0.099478,0.733855,0.857789,1.0,0.091912,2.676099,14.528308,0.833333,0.916667,0.069499,0.071748,0.761585,0.857789,1.0,0.066427
phase_cued_retrieval,313,alibi,alibi,10,0.03,0.7,0.6,0.8,full_batch_adam_three_block_structural_teacher_distillation,"['phase_cued_retrieval', 'exact_offset_passkey', 'tiny_text_fact_qa']","[5, 7, 8, 11, 12, 16, 19]",12,36,12,6,12,6.378687,0.795474,0.85762,3.163681,23.657529,0.083333,0.205297,0.045482,0.084302,0.122686,0.85762,1.0,0.042441,3.683916,39.801965,0.0,0.114844,0.0284,0.062828,0.062828,0.85762,1.0,0.021377,3.9837,53.71544,0.0,0.078465,0.0205,0.050055,0.050055,0.85762,1.0,0.014079
exact_offset_passkey,313,alibi,alibi,10,0.03,0.7,0.6,0.8,full_batch_adam_three_block_structural_teacher_distillation,"['phase_cued_retrieval', 'exact_offset_passkey', 'tiny_text_fact_qa']","[5, 7, 8, 11, 12, 16, 19]",12,36,12,6,12,6.378687,0.795474,0.85762,3.10418,22.290944,0.0,0.230815,0.046791,0.075125,0.075125,0.85762,1.0,0.045752,3.414471,30.400853,0.166667,0.29375,0.035409,0.066722,0.099945,0.85762,1.0,0.027888,3.673771,39.400198,0.0,0.185311,0.027043,0.049649,0.049649,0.85762,1.0,0.019957
tiny_text_fact_qa,313,alibi,alibi,10,0.03,0.7,0.6,0.8,full_batch_adam_three_block_structural_teacher_distillation,"['phase_cued_retrieval', 'exact_offset_passkey', 'tiny_text_fact_qa']","[5, 7, 8, 11, 12, 16, 19]",12,36,12,6,12,6.378687,0.795474,0.85762,2.808088,16.578187,0.166667,0.345833,0.062797,0.095774,0.070893,0.85762,1.0,0.044103,3.260138,26.053134,0.166667,0.279702,0.040031,0.060495,0.106172,0.85762,1.0,0.030125,3.502858,33.210245,0.166667,0.261929,0.031816,0.052659,0.114007,0.85762,1.0,0.021344
phase_cued_retrieval,313,rope_relative,rope,10,0.03,0.7,0.6,0.8,full_batch_adam_three_block_structural_teacher_distillation,"['phase_cued_retrieval', 'exact_offset_passkey', 'tiny_text_fact_qa']","[5, 7, 8, 11, 12, 16, 19]",12,36,12,6,12,5.866995,1.299756,0.857678,2.863185,17.517226,0.166667,0.422222,0.061567,0.081649,0.085017,0.857678,1.0,0.058737,3.51584,33.644187,0.0,0.179907,0.032226,0.061817,0.061817,0.857678,1.0,0.028076,3.890383,48.929642,0.0,0.116184,0.022842,0.051189,0.051189,0.857678,0.916667,0.015994
exact_offset_passkey,313,rope_relative,rope,10,0.03,0.7,0.6,0.8,full_batch_adam_three_block_structural_teacher_distillation,"['phase_cued_retrieval', 'exact_offset_passkey', 'tiny_text_fact_qa']","[5, 7, 8, 11, 12, 16, 19]",12,36,12,6,12,5.866995,1.299756,0.857678,2.760066,15.800883,0.333333,0.6,0.065477,0.074914,0.258419,0.857678,1.0,0.063311,3.147534,23.278579,0.166667,0.416667,0.044429,0.063621,0.103045,0.857678,1.0,0.038934,3.421354,30.610826,0.25,0.411842,0.034003,0.050079,0.199921,0.857678,1.0,0.028581
tiny_text_fact_qa,313,rope_relative,rope,10,0.03,0.7,0.6,0.8,full_batch_adam_three_block_structural_teacher_distillation,"['phase_cued_retrieval', 'exact_offset_passkey', 'tiny_text_fact_qa']","[5, 7, 8, 11, 12, 16, 19]",12,36,12,6,12,5.866995,1.299756,0.857678,2.517882,12.402307,0.583333,0.777778,0.083173,0.092493,0.490841,0.857678,1.0,0.06543,2.898717,18.150851,0.333333,0.588889,0.055995,0.064236,0.269097,0.857678,1.0,0.046237,3.137318,23.041995,0.166667,0.454167,0.044595,0.053365,0.113301,0.857678,1.0,0.034781
phase_cued_retrieval,313,phasewrap_bias,phasewrap_bias,10,0.03,0.7,0.6,0.8,full_batch_adam_three_block_structural_teacher_distillation,"['phase_cued_retrieval', 'exact_offset_passkey', 'tiny_text_fact_qa']","[5, 7, 8, 11, 12, 16, 19]",12,36,12,6,12,7.0907,0.703032,0.857445,3.55528,34.997624,0.083333,0.167405,0.036504,0.125328,0.041995,0.857445,0.583333,0.024392,4.095152,60.048467,0.0,0.080259,0.021763,0.094234,0.094234,0.857445,0.333333,0.012751,4.411425,82.386776,0.0,0.04471,0.013568,0.084905,0.084905,0.857445,0.5,0.009236
exact_offset_passkey,313,phasewrap_bias,phasewrap_bias,10,0.03,0.7,0.6,0.8,full_batch_adam_three_block_structural_teacher_distillation,"['phase_cued_retrieval', 'exact_offset_passkey', 'tiny_text_fact_qa']","[5, 7, 8, 11, 12, 16, 19]",12,36,12,6,12,7.0907,0.703032,0.857445,3.441307,31.227754,0.083333,0.173311,0.037385,0.112504,0.119641,0.857445,1.0,0.024668,4.04833,57.30166,0.0,0.059795,0.019462,0.090931,0.090931,0.857445,1.0,0.012836,4.337164,76.49031,0.0,0.04822,0.014352,0.068707,0.068707,0.857445,1.0,0.009377
tiny_text_fact_qa,313,phasewrap_bias,phasewrap_bias,10,0.03,0.7,0.6,0.8,full_batch_adam_three_block_structural_teacher_distillation,"['phase_cued_retrieval', 'exact_offset_passkey', 'tiny_text_fact_qa']","[5, 7, 8, 11, 12, 16, 19]",12,36,12,6,12,7.0907,0.703032,0.857445,3.184638,24.15854,0.0,0.145734,0.042596,0.135027,0.135027,0.857445,1.0,0.027224,3.654586,38.651515,0.0,0.080826,0.026734,0.099065,0.099065,0.857445,1.0,0.017065,3.74471,42.296735,0.083333,0.145127,0.028188,0.079473,0.125884,0.857445,1.0,0.012886
phase_cued_retrieval,313,phasewrap_adapter,phasewrap_adapter,10,0.03,0.7,0.6,0.8,full_batch_adam_three_block_structural_teacher_distillation,"['phase_cued_retrieval', 'exact_offset_passkey', 'tiny_text_fact_qa']","[5, 7, 8, 11, 12, 16, 19]",12,36,12,6,12,7.061718,0.703208,0.857445,3.561925,35.230939,0.083333,0.166776,0.035061,0.123226,0.039893,0.857445,0.583333,0.024508,4.116534,61.346247,0.0,0.077601,0.021913,0.090816,0.090816,0.857445,0.333333,0.012362,4.444258,85.136682,0.0,0.042413,0.0132,0.086078,0.086078,0.857445,0.5,0.008804
exact_offset_passkey,313,phasewrap_adapter,phasewrap_adapter,10,0.03,0.7,0.6,0.8,full_batch_adam_three_block_structural_teacher_distillation,"['phase_cued_retrieval', 'exact_offset_passkey', 'tiny_text_fact_qa']","[5, 7, 8, 11, 12, 16, 19]",12,36,12,6,12,7.061718,0.703208,0.857445,3.445932,31.372499,0.083333,0.184698,0.037485,0.117293,0.155403,0.857445,1.0,0.025582,4.023456,55.893934,0.0,0.060544,0.019817,0.089299,0.089299,0.857445,1.0,0.013517,4.301659,73.822196,0.0,0.049339,0.01474,0.069939,0.069939,0.857445,1.0,0.009859
tiny_text_fact_qa,313,phasewrap_adapter,phasewrap_adapter,10,0.03,0.7,0.6,0.8,full_batch_adam_three_block_structural_teacher_distillation,"['phase_cued_retrieval', 'exact_offset_passkey', 'tiny_text_fact_qa']","[5, 7, 8, 11, 12, 16, 19]",12,36,12,6,12,7.061718,0.703208,0.857445,3.226892,25.201218,0.0,0.131146,0.041005,0.130815,0.130815,0.857445,1.0,0.027366,3.686195,39.892775,0.0,0.079365,0.025651,0.095798,0.095798,0.857445,1.0,0.017241,3.798485,44.63352,0.083333,0.140018,0.026439,0.076654,0.027453,0.857445,1.0,0.012833
phase_cued_retrieval,317,no_position,no_position,10,0.03,0.7,0.6,0.8,full_batch_adam_three_block_structural_teacher_distillation,"['phase_cued_retrieval', 'exact_offset_passkey', 'tiny_text_fact_qa']","[5, 7, 8, 11, 12, 16, 19]",12,36,12,6,12,6.199881,1.0,0.857634,2.891764,18.02507,0.25,0.439815,0.060305,0.098694,0.151306,0.857634,0.666667,0.051192,3.613545,37.097343,0.0,0.095365,0.028311,0.072894,0.072894,0.857634,0.333333,0.025531,3.846374,46.822987,0.083333,0.162116,0.024357,0.053622,0.029711,0.857634,0.25,0.018079
exact_offset_passkey,317,no_position,no_position,10,0.03,0.7,0.6,0.8,full_batch_adam_three_block_structural_teacher_distillation,"['phase_cued_retrieval', 'exact_offset_passkey', 'tiny_text_fact_qa']","[5, 7, 8, 11, 12, 16, 19]",12,36,12,6,12,6.199881,1.0,0.857634,2.923649,18.60907,0.083333,0.279009,0.060613,0.093031,0.072309,0.857634,1.0,0.05085,3.440926,31.215861,0.166667,0.282242,0.035259,0.06744,0.099227,0.857634,1.0,0.026531,4.010916,55.197432,0.0,0.068439,0.019089,0.061195,0.061195,0.857634,1.0,0.017654
tiny_text_fact_qa,317,no_position,no_position,10,0.03,0.7,0.6,0.8,full_batch_adam_three_block_structural_teacher_distillation,"['phase_cued_retrieval', 'exact_offset_passkey', 'tiny_text_fact_qa']","[5, 7, 8, 11, 12, 16, 19]",12,36,12,6,12,6.199881,1.0,0.857634,2.451439,11.605036,0.25,0.544444,0.089329,0.114539,0.135461,0.857634,1.0,0.06074,2.722382,15.216524,0.333333,0.537698,0.072667,0.091273,0.344815,0.857634,1.0,0.039141,3.071543,21.575157,0.166667,0.348548,0.052067,0.081677,0.08499,0.857634,1.0,0.029383
phase_cued_retrieval,317,sinusoidal,sinusoidal,10,0.03,0.7,0.6,0.8,full_batch_adam_three_block_structural_teacher_distillation,"['phase_cued_retrieval', 'exact_offset_passkey', 'tiny_text_fact_qa']","[5, 7, 8, 11, 12, 16, 19]",12,36,12,6,12,4.504033,1.299437,0.857782,2.131747,8.429579,0.916667,0.9375,0.121569,0.124036,0.807392,0.857782,0.666667,0.127382,3.105987,22.33124,0.333333,0.434596,0.051966,0.085324,0.248009,0.857782,0.666667,0.040327,3.550647,34.835853,0.083333,0.186907,0.030989,0.063933,0.0194,0.857782,0.833333,0.02495
exact_offset_passkey,317,sinusoidal,sinusoidal,10,0.03,0.7,0.6,0.8,full_batch_adam_three_block_structural_teacher_distillation,"['phase_cued_retrieval', 'exact_offset_passkey', 'tiny_text_fact_qa']","[5, 7, 8, 11, 12, 16, 19]",12,36,12,6,12,4.504033,1.299437,0.857782,2.047395,7.747693,1.0,1.0,0.130244,0.130244,0.869756,0.857782,1.0,0.138649,2.576853,13.155668,1.0,1.0,0.076182,0.076182,0.923818,0.857782,1.0,0.079833,2.830628,16.956109,0.5,0.715278,0.060236,0.067316,0.432684,0.857782,1.0,0.062511
tiny_text_fact_qa,317,sinusoidal,sinusoidal,10,0.03,0.7,0.6,0.8,full_batch_adam_three_block_structural_teacher_distillation,"['phase_cued_retrieval', 'exact_offset_passkey', 'tiny_text_fact_qa']","[5, 7, 8, 11, 12, 16, 19]",12,36,12,6,12,4.504033,1.299437,0.857782,1.930485,6.892852,1.0,1.0,0.146602,0.146602,0.853398,0.857782,1.0,0.136635,2.216274,9.173092,1.0,1.0,0.110493,0.110493,0.889507,0.857782,1.0,0.097061,2.543014,12.717947,0.916667,0.958333,0.080588,0.082235,0.834431,0.857782,1.0,0.071013
phase_cued_retrieval,317,alibi,alibi,10,0.03,0.7,0.6,0.8,full_batch_adam_three_block_structural_teacher_distillation,"['phase_cued_retrieval', 'exact_offset_passkey', 'tiny_text_fact_qa']","[5, 7, 8, 11, 12, 16, 19]",12,36,12,6,12,6.317349,1.246939,0.857617,3.039231,20.889166,0.083333,0.225499,0.049415,0.079487,0.003846,0.857617,0.916667,0.04427,3.798485,44.633525,0.0,0.081966,0.024822,0.073801,0.073801,0.857617,0.833333,0.017837,4.126237,61.944371,0.0,0.062553,0.017976,0.048947,0.048947,0.857617,0.916667,0.012433
exact_offset_passkey,317,alibi,alibi,10,0.03,0.7,0.6,0.8,full_batch_adam_three_block_structural_teacher_distillation,"['phase_cued_retrieval', 'exact_offset_passkey', 'tiny_text_fact_qa']","[5, 7, 8, 11, 12, 16, 19]",12,36,12,6,12,6.317349,1.246939,0.857617,3.139656,23.095915,0.0,0.177231,0.046598,0.089972,0.089972,0.857617,1.0,0.043257,3.58712,36.129861,0.0,0.114335,0.029241,0.063668,0.063668,0.857617,1.0,0.024403,3.956135,52.254951,0.0,0.059398,0.020271,0.056649,0.056649,0.857617,1.0,0.01779
tiny_text_fact_qa,317,alibi,alibi,10,0.03,0.7,0.6,0.8,full_batch_adam_three_block_structural_teacher_distillation,"['phase_cued_retrieval', 'exact_offset_passkey', 'tiny_text_fact_qa']","[5, 7, 8, 11, 12, 16, 19]",12,36,12,6,12,6.317349,1.246939,0.857617,2.7449,15.563056,0.166667,0.363194,0.068834,0.098549,0.068118,0.857617,1.0,0.047333,3.038028,20.864067,0.333333,0.405413,0.058394,0.083712,0.344732,0.857617,1.0,0.029433,3.395122,29.818289,0.166667,0.254043,0.038117,0.069798,0.096868,0.857617,1.0,0.021256
phase_cued_retrieval,317,rope_relative,rope,10,0.03,0.7,0.6,0.8,full_batch_adam_three_block_structural_teacher_distillation,"['phase_cued_retrieval', 'exact_offset_passkey', 'tiny_text_fact_qa']","[5, 7, 8, 11, 12, 16, 19]",12,36,12,6,12,5.837286,1.299793,0.857692,2.780757,16.131223,0.333333,0.576389,0.062893,0.083895,0.288709,0.857692,0.916667,0.061392,3.465587,31.995226,0.0,0.14787,0.033188,0.071649,0.071649,0.857692,0.666667,0.026291,3.899196,49.362721,0.083333,0.172063,0.022681,0.046985,0.036349,0.857692,0.833333,0.016301
exact_offset_passkey,317,rope_relative,rope,10,0.03,0.7,0.6,0.8,full_batch_adam_three_block_structural_teacher_distillation,"['phase_cued_retrieval', 'exact_offset_passkey', 'tiny_text_fact_qa']","[5, 7, 8, 11, 12, 16, 19]",12,36,12,6,12,5.837286,1.299793,0.857692,2.766397,15.901238,0.083333,0.433333,0.065132,0.083399,0.127846,0.857692,1.0,0.064463,3.20633,24.688321,0.166667,0.377976,0.041262,0.060081,0.106586,0.857692,1.0,0.037271,3.519509,33.767846,0.166667,0.266121,0.030268,0.049579,0.117088,0.857692,1.0,0.028974
tiny_text_fact_qa,317,rope_relative,rope,10,0.03,0.7,0.6,0.8,full_batch_adam_three_block_structural_teacher_distillation,"['phase_cued_retrieval', 'exact_offset_passkey', 'tiny_text_fact_qa']","[5, 7, 8, 11, 12, 16, 19]",12,36,12,6,12,5.837286,1.299793,0.857692,2.521228,12.443866,0.5,0.722222,0.081859,0.092466,0.407534,0.857692,1.0,0.068033,2.714976,15.104242,0.333333,0.583333,0.069921,0.080393,0.252941,0.857692,1.0,0.047925,3.075448,21.65958,0.25,0.438889,0.048452,0.063058,0.186942,0.857692,1.0,0.036358
phase_cued_retrieval,317,phasewrap_bias,phasewrap_bias,10,0.03,0.7,0.6,0.8,full_batch_adam_three_block_structural_teacher_distillation,"['phase_cued_retrieval', 'exact_offset_passkey', 'tiny_text_fact_qa']","[5, 7, 8, 11, 12, 16, 19]",12,36,12,6,12,7.046463,0.703031,0.857644,3.380215,29.377092,0.083333,0.191397,0.037587,0.107917,0.118621,0.857644,0.666667,0.025602,4.218605,67.93863,0.0,0.051393,0.015339,0.094809,0.094809,0.857644,0.333333,0.012874,4.391771,80.783371,0.0,0.047691,0.014346,0.077278,0.077278,0.857644,0.5,0.009438
exact_offset_passkey,317,phasewrap_bias,phasewrap_bias,10,0.03,0.7,0.6,0.8,full_batch_adam_three_block_structural_teacher_distillation,"['phase_cued_retrieval', 'exact_offset_passkey', 'tiny_text_fact_qa']","[5, 7, 8, 11, 12, 16, 19]",12,36,12,6,12,7.046463,0.703031,0.857644,3.586331,36.101368,0.0,0.100072,0.030734,0.121664,0.121664,0.857644,1.0,0.024607,4.141745,62.912479,0.0,0.12229,0.020731,0.09534,0.09534,0.857644,1.0,0.011701,4.429027,83.849812,0.0,0.046479,0.013491,0.078456,0.078456,0.857644,1.0,0.009608
tiny_text_fact_qa,317,phasewrap_bias,phasewrap_bias,10,0.03,0.7,0.6,0.8,full_batch_adam_three_block_structural_teacher_distillation,"['phase_cued_retrieval', 'exact_offset_passkey', 'tiny_text_fact_qa']","[5, 7, 8, 11, 12, 16, 19]",12,36,12,6,12,7.046463,0.703031,0.857644,3.130552,22.886604,0.0,0.153406,0.044886,0.14766,0.14766,0.857644,1.0,0.028413,3.17824,24.004463,0.333333,0.384226,0.057994,0.114932,0.218401,0.857644,1.0,0.017948,3.600668,36.622691,0.166667,0.221109,0.037329,0.087633,0.079033,0.857644,1.0,0.013286
phase_cued_retrieval,317,phasewrap_adapter,phasewrap_adapter,10,0.03,0.7,0.6,0.8,full_batch_adam_three_block_structural_teacher_distillation,"['phase_cued_retrieval', 'exact_offset_passkey', 'tiny_text_fact_qa']","[5, 7, 8, 11, 12, 16, 19]",12,36,12,6,12,7.054287,0.70314,0.85767,3.433259,30.977432,0.083333,0.18458,0.035498,0.105136,0.097378,0.85767,0.75,0.025804,4.227056,68.515251,0.0,0.049203,0.015259,0.082276,0.082276,0.85767,0.666667,0.012406,4.394588,81.011253,0.0,0.046818,0.014407,0.072334,0.072334,0.85767,0.666667,0.009007
exact_offset_passkey,317,phasewrap_adapter,phasewrap_adapter,10,0.03,0.7,0.6,0.8,full_batch_adam_three_block_structural_teacher_distillation,"['phase_cued_retrieval', 'exact_offset_passkey', 'tiny_text_fact_qa']","[5, 7, 8, 11, 12, 16, 19]",12,36,12,6,12,7.054287,0.70314,0.85767,3.576121,35.734673,0.0,0.101638,0.029737,0.122513,0.122513,0.85767,1.0,0.025649,4.006286,54.94242,0.0,0.128994,0.022703,0.083595,0.083595,0.85767,1.0,0.012751,4.378871,79.747936,0.0,0.048626,0.013921,0.075677,0.075677,0.85767,1.0,0.010146
tiny_text_fact_qa,317,phasewrap_adapter,phasewrap_adapter,10,0.03,0.7,0.6,0.8,full_batch_adam_three_block_structural_teacher_distillation,"['phase_cued_retrieval', 'exact_offset_passkey', 'tiny_text_fact_qa']","[5, 7, 8, 11, 12, 16, 19]",12,36,12,6,12,7.054287,0.70314,0.85767,3.372524,29.152011,0.0,0.108367,0.035213,0.139817,0.139817,0.85767,1.0,0.025764,3.36847,29.034083,0.166667,0.250776,0.046729,0.093256,0.180549,0.85767,1.0,0.016886,3.799534,44.680355,0.083333,0.170053,0.02966,0.074018,0.137792,0.85767,1.0,0.01241
phase_cued_retrieval,331,no_position,no_position,10,0.03,0.7,0.6,0.8,full_batch_adam_three_block_structural_teacher_distillation,"['phase_cued_retrieval', 'exact_offset_passkey', 'tiny_text_fact_qa']","[5, 7, 8, 11, 12, 16, 19]",12,36,12,6,12,6.306038,1.0,0.857687,3.084496,21.856448,0.166667,0.4125,0.048555,0.080097,0.141156,0.857687,1.0,0.04433,3.450965,31.530794,0.166667,0.26334,0.035779,0.065249,0.101417,0.857687,0.833333,0.025672,3.926924,50.750636,0.0,0.113639,0.021442,0.049421,0.049421,0.857687,0.75,0.019328
exact_offset_passkey,331,no_position,no_position,10,0.03,0.7,0.6,0.8,full_batch_adam_three_block_structural_teacher_distillation,"['phase_cued_retrieval', 'exact_offset_passkey', 'tiny_text_fact_qa']","[5, 7, 8, 11, 12, 16, 19]",12,36,12,6,12,6.306038,1.0,0.857687,2.808248,16.580848,0.416667,0.555793,0.065081,0.076349,0.340318,0.857687,1.0,0.048677,3.444488,31.327251,0.166667,0.227927,0.040803,0.074626,0.20151,0.857687,1.0,0.025907,3.921654,50.483853,0.0,0.082012,0.021545,0.052989,0.052989,0.857687,1.0,0.019605
tiny_text_fact_qa,331,no_position,no_position,10,0.03,0.7,0.6,0.8,full_batch_adam_three_block_structural_teacher_distillation,"['phase_cued_retrieval', 'exact_offset_passkey', 'tiny_text_fact_qa']","[5, 7, 8, 11, 12, 16, 19]",12,36,12,6,12,6.306038,1.0,0.857687,2.768595,15.936226,0.166667,0.422222,0.066807,0.099212,0.161222,0.857687,1.0,0.052859,3.351257,28.538576,0.0,0.169444,0.035168,0.078333,0.078333,0.857687,1.0,0.033435,3.349884,28.49942,0.166667,0.328756,0.037018,0.058765,0.107902,0.857687,1.0,0.024795
phase_cued_retrieval,331,sinusoidal,sinusoidal,10,0.03,0.7,0.6,0.8,full_batch_adam_three_block_structural_teacher_distillation,"['phase_cued_retrieval', 'exact_offset_passkey', 'tiny_text_fact_qa']","[5, 7, 8, 11, 12, 16, 19]",12,36,12,6,12,4.470541,1.299418,0.857813,2.185273,8.893073,0.833333,0.895833,0.116301,0.119188,0.714146,0.857813,0.75,0.125539,3.109342,22.406307,0.0,0.282265,0.048379,0.077932,0.077932,0.857813,0.666667,0.039051,3.653639,38.614945,0.0,0.101557,0.026734,0.064242,0.064242,0.857813,0.5,0.02602
exact_offset_passkey,331,sinusoidal,sinusoidal,10,0.03,0.7,0.6,0.8,full_batch_adam_three_block_structural_teacher_distillation,"['phase_cued_retrieval', 'exact_offset_passkey', 'tiny_text_fact_qa']","[5, 7, 8, 11, 12, 16, 19]",12,36,12,6,12,4.470541,1.299418,0.857813,1.91882,6.812914,1.0,1.0,0.148945,0.148945,0.851055,0.857813,1.0,0.151655,2.587466,13.296035,0.833333,0.916667,0.075586,0.076897,0.756437,0.857813,1.0,0.079186,2.919575,18.533412,0.25,0.544444,0.056183,0.072497,0.197532,0.857813,1.0,0.061542
tiny_text_fact_qa,331,sinusoidal,sinusoidal,10,0.03,0.7,0.6,0.8,full_batch_adam_three_block_structural_teacher_distillation,"['phase_cued_retrieval', 'exact_offset_passkey', 'tiny_text_fact_qa']","[5, 7, 8, 11, 12, 16, 19]",12,36,12,6,12,4.470541,1.299418,0.857813,1.8911,6.626654,1.0,1.0,0.152424,0.152424,0.847576,0.857813,1.0,0.141552,2.220641,9.213239,1.0,1.0,0.108566,0.108566,0.891434,0.857813,1.0,0.104417,2.50687,12.266472,0.916667,0.958333,0.082686,0.084019,0.832647,0.857813,1.0,0.073095
phase_cued_retrieval,331,alibi,alibi,10,0.03,0.7,0.6,0.8,full_batch_adam_three_block_structural_teacher_distillation,"['phase_cued_retrieval', 'exact_offset_passkey', 'tiny_text_fact_qa']","[5, 7, 8, 11, 12, 16, 19]",12,36,12,6,12,6.37745,1.041718,0.857697,3.141832,23.146221,0.083333,0.230118,0.044401,0.078082,0.027828,0.857697,0.916667,0.042973,3.616639,37.212286,0.0,0.124133,0.028516,0.060916,0.060916,0.857697,0.833333,0.018933,4.231046,68.789129,0.0,0.06125,0.016672,0.053772,0.053772,0.857697,0.916667,0.0131
exact_offset_passkey,331,alibi,alibi,10,0.03,0.7,0.6,0.8,full_batch_adam_three_block_structural_teacher_distillation,"['phase_cued_retrieval', 'exact_offset_passkey', 'tiny_text_fact_qa']","[5, 7, 8, 11, 12, 16, 19]",12,36,12,6,12,6.37745,1.041718,0.857697,3.011164,20.311026,0.25,0.37347,0.054611,0.078575,0.171425,0.857697,1.0,0.043673,3.455755,31.682195,0.166667,0.235954,0.038237,0.067607,0.09906,0.857697,1.0,0.026786,4.017694,55.572832,0.0,0.082258,0.01982,0.053855,0.053855,0.857697,1.0,0.017218
tiny_text_fact_qa,331,alibi,alibi,10,0.03,0.7,0.6,0.8,full_batch_adam_three_block_structural_teacher_distillation,"['phase_cued_retrieval', 'exact_offset_passkey', 'tiny_text_fact_qa']","[5, 7, 8, 11, 12, 16, 19]",12,36,12,6,12,6.37745,1.041718,0.857697,3.012076,20.329558,0.083333,0.25056,0.052807,0.093055,0.066171,0.857697,1.0,0.040656,3.478378,32.407121,0.0,0.119211,0.031378,0.074488,0.074488,0.857697,1.0,0.028488,3.588008,36.161984,0.083333,0.189866,0.029155,0.053688,0.029646,0.857697,1.0,0.018507
phase_cued_retrieval,331,rope_relative,rope,10,0.03,0.7,0.6,0.8,full_batch_adam_three_block_structural_teacher_distillation,"['phase_cued_retrieval', 'exact_offset_passkey', 'tiny_text_fact_qa']","[5, 7, 8, 11, 12, 16, 19]",12,36,12,6,12,5.702029,1.299801,0.857759,2.800158,16.447243,0.25,0.481944,0.062747,0.082984,0.167016,0.857759,0.916667,0.060872,3.398785,29.927708,0.166667,0.313812,0.036581,0.063163,0.103504,0.857759,0.833333,0.025951,4.04909,57.345229,0.0,0.071775,0.019603,0.050863,0.050863,0.857759,0.666667,0.01713
exact_offset_passkey,331,rope_relative,rope,10,0.03,0.7,0.6,0.8,full_batch_adam_three_block_structural_teacher_distillation,"['phase_cued_retrieval', 'exact_offset_passkey', 'tiny_text_fact_qa']","[5, 7, 8, 11, 12, 16, 19]",12,36,12,6,12,5.702029,1.299801,0.857759,2.44701,11.553745,0.75,0.829167,0.091368,0.096712,0.653288,0.857759,1.0,0.072321,3.270781,26.331909,0.166667,0.294907,0.041086,0.066576,0.100091,0.857759,1.0,0.034991,3.616575,37.209899,0.0,0.134581,0.028028,0.057479,0.057479,0.857759,1.0,0.028844
tiny_text_fact_qa,331,rope_relative,rope,10,0.03,0.7,0.6,0.8,full_batch_adam_three_block_structural_teacher_distillation,"['phase_cued_retrieval', 'exact_offset_passkey', 'tiny_text_fact_qa']","[5, 7, 8, 11, 12, 16, 19]",12,36,12,6,12,5.702029,1.299801,0.857759,2.507747,12.277237,0.5,0.722222,0.084424,0.103454,0.396546,0.857759,1.0,0.071232,2.965899,19.412153,0.0,0.333333,0.051681,0.084055,0.084055,0.857759,1.0,0.049184,3.067965,21.498105,0.416667,0.563294,0.047822,0.060971,0.355696,0.857759,1.0,0.036733
phase_cued_retrieval,331,phasewrap_bias,phasewrap_bias,10,0.03,0.7,0.6,0.8,full_batch_adam_three_block_structural_teacher_distillation,"['phase_cued_retrieval', 'exact_offset_passkey', 'tiny_text_fact_qa']","[5, 7, 8, 11, 12, 16, 19]",12,36,12,6,12,6.83602,0.703576,0.857452,3.258761,26.017271,0.166667,0.25212,0.047265,0.123728,0.082792,0.857452,0.416667,0.026594,4.109861,60.938232,0.0,0.057874,0.018978,0.089593,0.089593,0.857452,0.166667,0.012972,4.530748,92.827963,0.0,0.039012,0.011818,0.080981,0.080981,0.857452,0.25,0.009856
exact_offset_passkey,331,phasewrap_bias,phasewrap_bias,10,0.03,0.7,0.6,0.8,full_batch_adam_three_block_structural_teacher_distillation,"['phase_cued_retrieval', 'exact_offset_passkey', 'tiny_text_fact_qa']","[5, 7, 8, 11, 12, 16, 19]",12,36,12,6,12,6.83602,0.703576,0.857452,3.216219,24.933678,0.0,0.143288,0.046129,0.123356,0.123356,0.857452,1.0,0.025347,3.813309,45.300071,0.0,0.090278,0.026397,0.103221,0.103221,0.857452,1.0,0.014376,4.787591,120.011913,0.0,0.030637,0.008714,0.080606,0.080606,0.857452,1.0,0.008861
tiny_text_fact_qa,331,phasewrap_bias,phasewrap_bias,10,0.03,0.7,0.6,0.8,full_batch_adam_three_block_structural_teacher_distillation,"['phase_cued_retrieval', 'exact_offset_passkey', 'tiny_text_fact_qa']","[5, 7, 8, 11, 12, 16, 19]",12,36,12,6,12,6.83602,0.703576,0.857452,3.088872,21.952303,0.083333,0.215479,0.058703,0.154242,0.162132,0.857452,1.0,0.02859,3.664148,39.022875,0.0,0.089441,0.027039,0.101582,0.101582,0.857452,1.0,0.019086,3.713243,40.98651,0.0,0.094482,0.026029,0.108297,0.108297,0.857452,1.0,0.01308
phase_cued_retrieval,331,phasewrap_adapter,phasewrap_adapter,10,0.03,0.7,0.6,0.8,full_batch_adam_three_block_structural_teacher_distillation,"['phase_cued_retrieval', 'exact_offset_passkey', 'tiny_text_fact_qa']","[5, 7, 8, 11, 12, 16, 19]",12,36,12,6,12,6.788837,0.703761,0.857475,3.237926,25.480823,0.166667,0.254676,0.048494,0.12314,0.081716,0.857475,0.416667,0.027589,4.111444,61.03476,0.0,0.057817,0.018745,0.088174,0.088174,0.857475,0.166667,0.012657,4.563317,95.90102,0.0,0.037968,0.01155,0.080727,0.080727,0.857475,0.25,0.009442
exact_offset_passkey,331,phasewrap_adapter,phasewrap_adapter,10,0.03,0.7,0.6,0.8,full_batch_adam_three_block_structural_teacher_distillation,"['phase_cued_retrieval', 'exact_offset_passkey', 'tiny_text_fact_qa']","[5, 7, 8, 11, 12, 16, 19]",12,36,12,6,12,6.788837,0.703761,0.857475,3.206972,24.704174,0.0,0.145074,0.045907,0.122327,0.122327,0.857475,1.0,0.026295,3.785271,44.04761,0.0,0.090704,0.027388,0.104267,0.104267,0.857475,1.0,0.015078,4.741028,114.551893,0.0,0.031986,0.0091,0.08043,0.08043,0.857475,1.0,0.009336
tiny_text_fact_qa,331,phasewrap_adapter,phasewrap_adapter,10,0.03,0.7,0.6,0.8,full_batch_adam_three_block_structural_teacher_distillation,"['phase_cued_retrieval', 'exact_offset_passkey', 'tiny_text_fact_qa']","[5, 7, 8, 11, 12, 16, 19]",12,36,12,6,12,6.788837,0.703761,0.857475,3.070508,21.552857,0.083333,0.215011,0.059804,0.154203,0.160911,0.857475,1.0,0.029418,3.630209,37.720718,0.0,0.096129,0.027828,0.100245,0.100245,0.857475,1.0,0.019785,3.699659,40.433499,0.0,0.091629,0.026229,0.107415,0.107415,0.857475,1.0,0.013549
